week_start,plant_id,raw_material_id,raw_material_requirement,raw_material_name,unit,unit_cost,lead_time_days,safety_stock_days,moq,opening_inventory,safety_stock,projected_inventory_before_receipt,planned_order_quantity,ending_inventory,purchase_cost
2025-06-30,P01,RM001,8577.569214,Sugar,kg,0.65,7,5,500,18000,6212.387135126984,9422.430786,0.0,9422.430786,0.0
2025-07-07,P01,RM001,9513.417936,Sugar,kg,0.65,7,5,500,18000,6212.387135126984,-90.98714999999902,6500.0,6409.012850000001,4225.0
2025-07-14,P01,RM001,9638.707863,Sugar,kg,0.65,7,5,500,18000,6212.387135126984,-3229.6950129999987,9500.0,6270.304987000001,6175.0
2025-07-21,P01,RM001,9577.926408,Sugar,kg,0.65,7,5,500,18000,6212.387135126984,-3307.621420999998,10000.0,6692.378579000002,6500.0
2025-07-28,P01,RM001,9083.48601,Sugar,kg,0.65,7,5,500,18000,6212.387135126984,-2391.1074309999985,9000.0,6608.8925690000015,5850.0
2025-08-04,P01,RM001,8651.783643,Sugar,kg,0.65,7,5,500,18000,6212.387135126984,-2042.8910739999992,8500.0,6457.108926000001,5525.0
2025-08-11,P01,RM001,8765.847051,Sugar,kg,0.65,7,5,500,18000,6212.387135126984,-2308.738125,9000.0,6691.261875,5850.0
2025-08-18,P01,RM001,8633.923908,Sugar,kg,0.65,7,5,500,18000,6212.387135126984,-1942.6620330000005,8500.0,6557.3379669999995,5525.0
2025-08-25,P01,RM001,8870.202512999998,Sugar,kg,0.65,7,5,500,18000,6212.387135126984,-2312.864545999999,9000.0,6687.135454000001,5850.0
2025-09-01,P01,RM001,8576.382831,Sugar,kg,0.65,7,5,500,18000,6212.387135126984,-1889.2473769999997,8500.0,6610.752623,5525.0
2025-09-08,P01,RM001,8824.856946,Sugar,kg,0.65,7,5,500,18000,6212.387135126984,-2214.1043229999996,8500.0,6285.895677,5525.0
2025-09-15,P01,RM001,8705.682288,Sugar,kg,0.65,7,5,500,18000,6212.387135126984,-2419.7866109999995,9000.0,6580.2133890000005,5850.0
2025-09-22,P01,RM001,8758.357908,Sugar,kg,0.65,7,5,500,18000,6212.387135126984,-2178.1445189999995,8500.0,6321.8554810000005,5525.0
2025-09-29,P01,RM001,8798.955354,Sugar,kg,0.65,7,5,500,18000,6212.387135126984,-2477.099872999999,9000.0,6522.900127000001,5850.0
2025-10-06,P01,RM001,8611.648191,Sugar,kg,0.65,7,5,500,18000,6212.387135126984,-2088.7480639999994,8500.0,6411.251936000001,5525.0
2025-10-13,P01,RM001,8562.428823,Sugar,kg,0.65,7,5,500,18000,6212.387135126984,-2151.1768869999996,8500.0,6348.823113,5525.0
2025-10-20,P01,RM001,8993.147496,Sugar,kg,0.65,7,5,500,18000,6212.387135126984,-2644.324382999999,9000.0,6355.675617000001,5850.0
2025-10-27,P01,RM001,8669.459763,Sugar,kg,0.65,7,5,500,18000,6212.387135126984,-2313.784146,9000.0,6686.215854,5850.0
2025-11-03,P01,RM001,8927.508759,Sugar,kg,0.65,7,5,500,18000,6212.387135126984,-2241.2929050000002,8500.0,6258.707095,5525.0
2025-11-10,P01,RM001,8631.202344,Sugar,kg,0.65,7,5,500,18000,6212.387135126984,-2372.4952489999996,9000.0,6627.504751,5850.0
2025-11-17,P01,RM001,8725.874688,Sugar,kg,0.65,7,5,500,18000,6212.387135126984,-2098.3699369999995,8500.0,6401.6300630000005,5525.0
2025-11-24,P01,RM001,8746.988463,Sugar,kg,0.65,7,5,500,18000,6212.387135126984,-2345.358399999999,9000.0,6654.641600000001,5850.0
2025-12-01,P01,RM001,8574.714219,Sugar,kg,0.65,7,5,500,18000,6212.387135126984,-1920.0726189999987,8500.0,6579.927381000001,5525.0
2025-12-08,P01,RM001,8631.736485,Sugar,kg,0.65,7,5,500,18000,6212.387135126984,-2051.809103999998,8500.0,6448.190896000002,5525.0
2025-12-15,P01,RM001,8675.443308,Sugar,kg,0.65,7,5,500,18000,6212.387135126984,-2227.252411999998,8500.0,6272.747588000002,5525.0
2025-12-22,P01,RM001,8895.488847,Sugar,kg,0.65,7,5,500,18000,6212.387135126984,-2622.7412589999985,9000.0,6377.2587410000015,5850.0
2025-12-29,P01,RM001,5205.492448800001,Sugar,kg,0.65,7,5,500,18000,6212.387135126984,1171.7662922000009,5500.0,6671.766292200001,3575.0
2025-06-30,P01,RM002,1717.8636497999998,Beverage Concentrate,kg,4.5,14,7,100,3500,1741.2516932462963,1782.1363502000002,0.0,1782.1363502000002,0.0
2025-07-07,P01,RM002,1903.9019256,Beverage Concentrate,kg,4.5,14,7,100,3500,1741.2516932462963,-121.76557539999976,1900.0,1778.2344246000002,8550.0
2025-07-14,P01,RM002,1928.9910197,Beverage Concentrate,kg,4.5,14,7,100,3500,1741.2516932462963,-150.75659509999969,1900.0,1749.2434049000003,8550.0
2025-07-21,P01,RM002,1918.0274559999998,Beverage Concentrate,kg,4.5,14,7,100,3500,1741.2516932462963,-168.7840510999995,2000.0,1831.2159489000005,9000.0
2025-07-28,P01,RM002,1819.1631082,Beverage Concentrate,kg,4.5,14,7,100,3500,1741.2516932462963,12.052840700000615,1800.0,1812.0528407000006,8100.0
2025-08-04,P01,RM002,1731.308024,Beverage Concentrate,kg,4.5,14,7,100,3500,1741.2516932462963,80.74481670000068,1700.0,1780.7448167000007,7650.0
2025-08-11,P01,RM002,1756.7206263,Beverage Concentrate,kg,4.5,14,7,100,3500,1741.2516932462963,24.024190400000634,1800.0,1824.0241904000006,8100.0
2025-08-18,P01,RM002,1728.2197603,Beverage Concentrate,kg,4.5,14,7,100,3500,1741.2516932462963,95.80443010000067,1700.0,1795.8044301000007,7650.0
2025-08-25,P01,RM002,1774.7866678999999,Beverage Concentrate,kg,4.5,14,7,100,3500,1741.2516932462963,21.01776220000079,1800.0,1821.0177622000008,8100.0
2025-09-01,P01,RM002,1718.0025705,Beverage Concentrate,kg,4.5,14,7,100,3500,1741.2516932462963,103.01519170000074,1700.0,1803.0151917000007,7650.0
2025-09-08,P01,RM002,1766.8173355,Beverage Concentrate,kg,4.5,14,7,100,3500,1741.2516932462963,36.19785620000084,1800.0,1836.1978562000008,8100.0
2025-09-15,P01,RM002,1742.9069447,Beverage Concentrate,kg,4.5,14,7,100,3500,1741.2516932462963,93.2909115000009,1700.0,1793.290911500001,7650.0
2025-09-22,P01,RM002,1753.6885674,Beverage Concentrate,kg,4.5,14,7,100,3500,1741.2516932462963,39.60234410000089,1800.0,1839.602344100001,8100.0
2025-09-29,P01,RM002,1761.787212,Beverage Concentrate,kg,4.5,14,7,100,3500,1741.2516932462963,77.81513210000094,1700.0,1777.815132100001,7650.0
2025-10-06,P01,RM002,1724.3063443,Beverage Concentrate,kg,4.5,14,7,100,3500,1741.2516932462963,53.508787800000846,1700.0,1753.5087878000008,7650.0
2025-10-13,P01,RM002,1715.0279614,Beverage Concentrate,kg,4.5,14,7,100,3500,1741.2516932462963,38.48082640000075,1800.0,1838.4808264000008,8100.0
2025-10-20,P01,RM002,1801.7315164,Beverage Concentrate,kg,4.5,14,7,100,3500,1741.2516932462963,36.74931000000083,1800.0,1836.7493100000008,8100.0
2025-10-27,P01,RM002,1737.0084149999998,Beverage Concentrate,kg,4.5,14,7,100,3500,1741.2516932462963,99.74089500000105,1700.0,1799.740895000001,7650.0
2025-11-03,P01,RM002,1787.2780688,Beverage Concentrate,kg,4.5,14,7,100,3500,1741.2516932462963,12.462826200001018,1800.0,1812.462826200001,8100.0
2025-11-10,P01,RM002,1728.446108,Beverage Concentrate,kg,4.5,14,7,100,3500,1741.2516932462963,84.01671820000092,1700.0,1784.016718200001,7650.0
2025-11-17,P01,RM002,1746.5206709,Beverage Concentrate,kg,4.5,14,7,100,3500,1741.2516932462963,37.49604730000101,1800.0,1837.496047300001,8100.0
2025-11-24,P01,RM002,1750.4227576,Beverage Concentrate,kg,4.5,14,7,100,3500,1741.2516932462963,87.07328970000094,1700.0,1787.073289700001,7650.0
2025-12-01,P01,RM002,1715.5830979999998,Beverage Concentrate,kg,4.5,14,7,100,3500,1741.2516932462963,71.4901917000011,1700.0,1771.490191700001,7650.0
2025-12-08,P01,RM002,1727.1389906,Beverage Concentrate,kg,4.5,14,7,100,3500,1741.2516932462963,44.35120110000116,1700.0,1744.3512011000012,7650.0
2025-12-15,P01,RM002,1736.7052788,Beverage Concentrate,kg,4.5,14,7,100,3500,1741.2516932462963,7.645922300001075,1800.0,1807.645922300001,8100.0
2025-12-22,P01,RM002,1780.1463445,Beverage Concentrate,kg,4.5,14,7,100,3500,1741.2516932462963,27.499577800001134,1800.0,1827.4995778000011,8100.0
2025-12-29,P01,RM002,1041.29529545,Beverage Concentrate,kg,4.5,14,7,100,3500,1741.2516932462963,786.2042823500012,1000.0,1786.2042823500012,4500.0
2025-06-30,P01,RM003,77.0572892,CO2,kg,1.8,5,3,100,180,33.49172525777778,102.9427108,0.0,102.9427108,0.0
2025-07-07,P01,RM003,85.4471271,CO2,kg,1.8,5,3,100,180,33.49172525777778,17.495583699999997,100.0,117.4955837,180.0
2025-07-14,P01,RM003,86.69065495,CO2,kg,1.8,5,3,100,180,33.49172525777778,30.804928750000002,100.0,130.80492875,180.0
2025-07-21,P01,RM003,86.24166679999999,CO2,kg,1.8,5,3,100,180,33.49172525777778,44.56326195,0.0,44.56326195,0.0
2025-07-28,P01,RM003,81.5047698,CO2,kg,1.8,5,3,100,180,33.49172525777778,-36.94150785000001,100.0,63.05849214999999,180.0
2025-08-04,P01,RM003,77.83147915,CO2,kg,1.8,5,3,100,180,33.49172525777778,-14.772987000000015,100.0,85.22701299999999,180.0
2025-08-11,P01,RM003,78.66305085,CO2,kg,1.8,5,3,100,180,33.49172525777778,6.5639621499999805,100.0,106.56396214999998,180.0
2025-08-18,P01,RM003,77.5239468,CO2,kg,1.8,5,3,100,180,33.49172525777778,29.040015349999976,100.0,129.04001534999998,180.0
2025-08-25,P01,RM003,79.58455095,CO2,kg,1.8,5,3,100,180,33.49172525777778,49.45546439999998,0.0,49.45546439999998,0.0
2025-09-01,P01,RM003,77.03042335,CO2,kg,1.8,5,3,100,180,33.49172525777778,-27.574958950000024,100.0,72.42504104999998,180.0
2025-09-08,P01,RM003,79.191314,CO2,kg,1.8,5,3,100,180,33.49172525777778,-6.76627295000003,100.0,93.23372704999997,180.0
2025-09-15,P01,RM003,78.2282008,CO2,kg,1.8,5,3,100,180,33.49172525777778,15.005526249999974,100.0,115.00552624999997,180.0
2025-09-22,P01,RM003,78.6096528,CO2,kg,1.8,5,3,100,180,33.49172525777778,36.39587344999997,0.0,36.39587344999997,0.0
2025-09-29,P01,RM003,79.0344591,CO2,kg,1.8,5,3,100,180,33.49172525777778,-42.63858565000004,100.0,57.36141434999996,180.0
2025-10-06,P01,RM003,77.45733255,CO2,kg,1.8,5,3,100,180,33.49172525777778,-20.095918200000042,100.0,79.90408179999996,180.0
2025-10-13,P01,RM003,76.94854495,CO2,kg,1.8,5,3,100,180,33.49172525777778,2.955536849999959,100.0,102.95553684999996,180.0
2025-10-20,P01,RM003,80.7910978,CO2,kg,1.8,5,3,100,180,33.49172525777778,22.164439049999956,100.0,122.16443904999996,180.0
2025-10-27,P01,RM003,77.88315205,CO2,kg,1.8,5,3,100,180,33.49172525777778,44.28128699999995,0.0,44.28128699999995,0.0
2025-11-03,P01,RM003,80.13546555,CO2,kg,1.8,5,3,100,180,33.49172525777778,-35.85417855000006,100.0,64.14582144999994,180.0
2025-11-10,P01,RM003,77.5495095,CO2,kg,1.8,5,3,100,180,33.49172525777778,-13.403688050000056,100.0,86.59631194999994,180.0
2025-11-17,P01,RM003,78.3934331,CO2,kg,1.8,5,3,100,180,33.49172525777778,8.202878849999948,100.0,108.20287884999995,180.0
2025-11-24,P01,RM003,78.63688525,CO2,kg,1.8,5,3,100,180,33.49172525777778,29.565993599999942,100.0,129.56599359999996,180.0
2025-12-01,P01,RM003,77.05362315,CO2,kg,1.8,5,3,100,180,33.49172525777778,52.51237044999995,0.0,52.51237044999995,0.0
2025-12-08,P01,RM003,77.66834014999999,CO2,kg,1.8,5,3,100,180,33.49172525777778,-25.155969700000043,100.0,74.84403029999996,180.0
2025-12-15,P01,RM003,78.0877545,CO2,kg,1.8,5,3,100,180,33.49172525777778,-3.2437242000000452,100.0,96.75627579999995,180.0
2025-12-22,P01,RM003,79.99341865,CO2,kg,1.8,5,3,100,180,33.49172525777778,16.76285714999996,100.0,116.76285714999996,180.0
2025-12-29,P01,RM003,46.74154839,CO2,kg,1.8,5,3,100,180,33.49172525777778,70.02130875999995,0.0,70.02130875999995,0.0
2025-06-30,P01,RM004,56684.67624,PET Bottle,unit,2.1,10,5,5000,120000,41430.424433015876,63315.32376,0.0,63315.32376,0.0
2025-07-07,P01,RM004,63564.601800000004,PET Bottle,unit,2.1,10,5,5000,120000,41430.424433015876,-249.2780400000047,45000.0,44750.721959999995,94500.0
2025-07-14,P01,RM004,64416.2274,PET Bottle,unit,2.1,10,5,5000,120000,41430.424433015876,-19665.505440000008,65000.0,45334.49455999999,136500.0
2025-07-21,P01,RM004,64146.99768,PET Bottle,unit,2.1,10,5,5000,120000,41430.424433015876,-18812.50312000001,65000.0,46187.49687999999,136500.0
2025-07-28,P01,RM004,60155.50872,PET Bottle,unit,2.1,10,5,5000,120000,41430.424433015876,-13968.011840000006,60000.0,46031.98815999999,126000.0
2025-08-04,P01,RM004,57923.79948,PET Bottle,unit,2.1,10,5,5000,120000,41430.424433015876,-11891.811320000008,55000.0,43108.18867999999,115500.0
2025-08-11,P01,RM004,58298.32404,PET Bottle,unit,2.1,10,5,5000,120000,41430.424433015876,-15190.135360000007,60000.0,44809.86463999999,126000.0
2025-08-18,P01,RM004,57056.15232,PET Bottle,unit,2.1,10,5,5000,120000,41430.424433015876,-12246.287680000009,55000.0,42753.71231999999,115500.0
2025-08-25,P01,RM004,58160.73948,PET Bottle,unit,2.1,10,5,5000,120000,41430.424433015876,-15407.027160000005,60000.0,44592.972839999995,126000.0
2025-09-01,P01,RM004,57252.16104,PET Bottle,unit,2.1,10,5,5000,120000,41430.424433015876,-12659.188200000004,55000.0,42340.811799999996,115500.0
2025-09-08,P01,RM004,58235.39364,PET Bottle,unit,2.1,10,5,5000,120000,41430.424433015876,-15894.581840000006,60000.0,44105.418159999994,126000.0
2025-09-15,P01,RM004,57965.017439999996,PET Bottle,unit,2.1,10,5,5000,120000,41430.424433015876,-13859.599280000002,60000.0,46140.40072,126000.0
2025-09-22,P01,RM004,58025.75928,PET Bottle,unit,2.1,10,5,5000,120000,41430.424433015876,-11885.35856,55000.0,43114.64144,115500.0
2025-09-29,P01,RM004,58608.38424,PET Bottle,unit,2.1,10,5,5000,120000,41430.424433015876,-15493.7428,60000.0,44506.2572,126000.0
2025-10-06,P01,RM004,57858.223079999996,PET Bottle,unit,2.1,10,5,5000,120000,41430.424433015876,-13351.965879999996,55000.0,41648.034120000004,115500.0
2025-10-13,P01,RM004,57710.08068,PET Bottle,unit,2.1,10,5,5000,120000,41430.424433015876,-16062.046559999995,60000.0,43937.953440000005,126000.0
2025-10-20,P01,RM004,59957.72232,PET Bottle,unit,2.1,10,5,5000,120000,41430.424433015876,-16019.768879999996,60000.0,43980.231120000004,126000.0
2025-10-27,P01,RM004,58029.73032,PET Bottle,unit,2.1,10,5,5000,120000,41430.424433015876,-14049.499199999998,60000.0,45950.5008,126000.0
2025-11-03,P01,RM004,58990.399560000005,PET Bottle,unit,2.1,10,5,5000,120000,41430.424433015876,-13039.898760000004,55000.0,41960.101239999996,115500.0
2025-11-10,P01,RM004,57668.81208,PET Bottle,unit,2.1,10,5,5000,120000,41430.424433015876,-15708.710840000007,60000.0,44291.28915999999,126000.0
2025-11-17,P01,RM004,58279.53168,PET Bottle,unit,2.1,10,5,5000,120000,41430.424433015876,-13988.242520000007,60000.0,46011.75747999999,126000.0
2025-11-24,P01,RM004,58695.975000000006,PET Bottle,unit,2.1,10,5,5000,120000,41430.424433015876,-12684.217520000013,55000.0,42315.78247999999,115500.0
2025-12-01,P01,RM004,57673.560600000004,PET Bottle,unit,2.1,10,5,5000,120000,41430.424433015876,-15357.778120000017,60000.0,44642.22187999998,126000.0
2025-12-08,P01,RM004,58111.108680000005,PET Bottle,unit,2.1,10,5,5000,120000,41430.424433015876,-13468.886800000022,55000.0,41531.11319999998,115500.0
2025-12-15,P01,RM004,58532.72448,PET Bottle,unit,2.1,10,5,5000,120000,41430.424433015876,-17001.61128000002,60000.0,42998.38871999998,126000.0
2025-12-22,P01,RM004,59536.363079999996,PET Bottle,unit,2.1,10,5,5000,120000,41430.424433015876,-16537.974360000015,60000.0,43462.025639999985,126000.0
2025-12-29,P01,RM004,34532.069208,PET Bottle,unit,2.1,10,5,5000,120000,41430.424433015876,8929.956431999984,35000.0,43929.956431999984,73500.0
2025-06-30,P01,RM005,56684.67624,Cap,unit,0.35,10,5,5000,120000,41430.424433015876,63315.32376,0.0,63315.32376,0.0
2025-07-07,P01,RM005,63564.601800000004,Cap,unit,0.35,10,5,5000,120000,41430.424433015876,-249.2780400000047,45000.0,44750.721959999995,15749.999999999998
2025-07-14,P01,RM005,64416.2274,Cap,unit,0.35,10,5,5000,120000,41430.424433015876,-19665.505440000008,65000.0,45334.49455999999,22750.0
2025-07-21,P01,RM005,64146.99768,Cap,unit,0.35,10,5,5000,120000,41430.424433015876,-18812.50312000001,65000.0,46187.49687999999,22750.0
2025-07-28,P01,RM005,60155.50872,Cap,unit,0.35,10,5,5000,120000,41430.424433015876,-13968.011840000006,60000.0,46031.98815999999,21000.0
2025-08-04,P01,RM005,57923.79948,Cap,unit,0.35,10,5,5000,120000,41430.424433015876,-11891.811320000008,55000.0,43108.18867999999,19250.0
2025-08-11,P01,RM005,58298.32404,Cap,unit,0.35,10,5,5000,120000,41430.424433015876,-15190.135360000007,60000.0,44809.86463999999,21000.0
2025-08-18,P01,RM005,57056.15232,Cap,unit,0.35,10,5,5000,120000,41430.424433015876,-12246.287680000009,55000.0,42753.71231999999,19250.0
2025-08-25,P01,RM005,58160.73948,Cap,unit,0.35,10,5,5000,120000,41430.424433015876,-15407.027160000005,60000.0,44592.972839999995,21000.0
2025-09-01,P01,RM005,57252.16104,Cap,unit,0.35,10,5,5000,120000,41430.424433015876,-12659.188200000004,55000.0,42340.811799999996,19250.0
2025-09-08,P01,RM005,58235.39364,Cap,unit,0.35,10,5,5000,120000,41430.424433015876,-15894.581840000006,60000.0,44105.418159999994,21000.0
2025-09-15,P01,RM005,57965.017439999996,Cap,unit,0.35,10,5,5000,120000,41430.424433015876,-13859.599280000002,60000.0,46140.40072,21000.0
2025-09-22,P01,RM005,58025.75928,Cap,unit,0.35,10,5,5000,120000,41430.424433015876,-11885.35856,55000.0,43114.64144,19250.0
2025-09-29,P01,RM005,58608.38424,Cap,unit,0.35,10,5,5000,120000,41430.424433015876,-15493.7428,60000.0,44506.2572,21000.0
2025-10-06,P01,RM005,57858.223079999996,Cap,unit,0.35,10,5,5000,120000,41430.424433015876,-13351.965879999996,55000.0,41648.034120000004,19250.0
2025-10-13,P01,RM005,57710.08068,Cap,unit,0.35,10,5,5000,120000,41430.424433015876,-16062.046559999995,60000.0,43937.953440000005,21000.0
2025-10-20,P01,RM005,59957.72232,Cap,unit,0.35,10,5,5000,120000,41430.424433015876,-16019.768879999996,60000.0,43980.231120000004,21000.0
2025-10-27,P01,RM005,58029.73032,Cap,unit,0.35,10,5,5000,120000,41430.424433015876,-14049.499199999998,60000.0,45950.5008,21000.0
2025-11-03,P01,RM005,58990.399560000005,Cap,unit,0.35,10,5,5000,120000,41430.424433015876,-13039.898760000004,55000.0,41960.101239999996,19250.0
2025-11-10,P01,RM005,57668.81208,Cap,unit,0.35,10,5,5000,120000,41430.424433015876,-15708.710840000007,60000.0,44291.28915999999,21000.0
2025-11-17,P01,RM005,58279.53168,Cap,unit,0.35,10,5,5000,120000,41430.424433015876,-13988.242520000007,60000.0,46011.75747999999,21000.0
2025-11-24,P01,RM005,58695.975000000006,Cap,unit,0.35,10,5,5000,120000,41430.424433015876,-12684.217520000013,55000.0,42315.78247999999,19250.0
2025-12-01,P01,RM005,57673.560600000004,Cap,unit,0.35,10,5,5000,120000,41430.424433015876,-15357.778120000017,60000.0,44642.22187999998,21000.0
2025-12-08,P01,RM005,58111.108680000005,Cap,unit,0.35,10,5,5000,120000,41430.424433015876,-13468.886800000022,55000.0,41531.11319999998,19250.0
2025-12-15,P01,RM005,58532.72448,Cap,unit,0.35,10,5,5000,120000,41430.424433015876,-17001.61128000002,60000.0,42998.38871999998,21000.0
2025-12-22,P01,RM005,59536.363079999996,Cap,unit,0.35,10,5,5000,120000,41430.424433015876,-16537.974360000015,60000.0,43462.025639999985,21000.0
2025-12-29,P01,RM005,34532.069208,Cap,unit,0.35,10,5,5000,120000,41430.424433015876,8929.956431999984,35000.0,43929.956431999984,12250.0
2025-06-30,P01,RM006,56684.67624,Label,unit,0.12,7,5,10000,120000,41430.424433015876,63315.32376,0.0,63315.32376,0.0
2025-07-07,P01,RM006,63564.601800000004,Label,unit,0.12,7,5,10000,120000,41430.424433015876,-249.2780400000047,50000.0,49750.721959999995,6000.0
2025-07-14,P01,RM006,64416.2274,Label,unit,0.12,7,5,10000,120000,41430.424433015876,-14665.505440000008,60000.0,45334.49455999999,7200.0
2025-07-21,P01,RM006,64146.99768,Label,unit,0.12,7,5,10000,120000,41430.424433015876,-18812.50312000001,70000.0,51187.49687999999,8400.0
2025-07-28,P01,RM006,60155.50872,Label,unit,0.12,7,5,10000,120000,41430.424433015876,-8968.011840000006,60000.0,51031.98815999999,7200.0
2025-08-04,P01,RM006,57923.79948,Label,unit,0.12,7,5,10000,120000,41430.424433015876,-6891.811320000008,50000.0,43108.18867999999,6000.0
2025-08-11,P01,RM006,58298.32404,Label,unit,0.12,7,5,10000,120000,41430.424433015876,-15190.135360000007,60000.0,44809.86463999999,7200.0
2025-08-18,P01,RM006,57056.15232,Label,unit,0.12,7,5,10000,120000,41430.424433015876,-12246.287680000009,60000.0,47753.71231999999,7200.0
2025-08-25,P01,RM006,58160.73948,Label,unit,0.12,7,5,10000,120000,41430.424433015876,-10407.027160000005,60000.0,49592.972839999995,7200.0
2025-09-01,P01,RM006,57252.16104,Label,unit,0.12,7,5,10000,120000,41430.424433015876,-7659.188200000004,50000.0,42340.811799999996,6000.0
2025-09-08,P01,RM006,58235.39364,Label,unit,0.12,7,5,10000,120000,41430.424433015876,-15894.581840000006,60000.0,44105.418159999994,7200.0
2025-09-15,P01,RM006,57965.017439999996,Label,unit,0.12,7,5,10000,120000,41430.424433015876,-13859.599280000002,60000.0,46140.40072,7200.0
2025-09-22,P01,RM006,58025.75928,Label,unit,0.12,7,5,10000,120000,41430.424433015876,-11885.35856,60000.0,48114.64144,7200.0
2025-09-29,P01,RM006,58608.38424,Label,unit,0.12,7,5,10000,120000,41430.424433015876,-10493.7428,60000.0,49506.2572,7200.0
2025-10-06,P01,RM006,57858.223079999996,Label,unit,0.12,7,5,10000,120000,41430.424433015876,-8351.965879999996,50000.0,41648.034120000004,6000.0
2025-10-13,P01,RM006,57710.08068,Label,unit,0.12,7,5,10000,120000,41430.424433015876,-16062.046559999995,60000.0,43937.953440000005,7200.0
2025-10-20,P01,RM006,59957.72232,Label,unit,0.12,7,5,10000,120000,41430.424433015876,-16019.768879999996,60000.0,43980.231120000004,7200.0
2025-10-27,P01,RM006,58029.73032,Label,unit,0.12,7,5,10000,120000,41430.424433015876,-14049.499199999998,60000.0,45950.5008,7200.0
2025-11-03,P01,RM006,58990.399560000005,Label,unit,0.12,7,5,10000,120000,41430.424433015876,-13039.898760000004,60000.0,46960.101239999996,7200.0
2025-11-10,P01,RM006,57668.81208,Label,unit,0.12,7,5,10000,120000,41430.424433015876,-10708.710840000007,60000.0,49291.28915999999,7200.0
2025-11-17,P01,RM006,58279.53168,Label,unit,0.12,7,5,10000,120000,41430.424433015876,-8988.242520000007,60000.0,51011.75747999999,7200.0
2025-11-24,P01,RM006,58695.975000000006,Label,unit,0.12,7,5,10000,120000,41430.424433015876,-7684.217520000013,50000.0,42315.78247999999,6000.0
2025-12-01,P01,RM006,57673.560600000004,Label,unit,0.12,7,5,10000,120000,41430.424433015876,-15357.778120000017,60000.0,44642.22187999998,7200.0
2025-12-08,P01,RM006,58111.108680000005,Label,unit,0.12,7,5,10000,120000,41430.424433015876,-13468.886800000022,60000.0,46531.11319999998,7200.0
2025-12-15,P01,RM006,58532.72448,Label,unit,0.12,7,5,10000,120000,41430.424433015876,-12001.61128000002,60000.0,47998.38871999998,7200.0
2025-12-22,P01,RM006,59536.363079999996,Label,unit,0.12,7,5,10000,120000,41430.424433015876,-11537.974360000015,60000.0,48462.025639999985,7200.0
2025-12-29,P01,RM006,34532.069208,Label,unit,0.12,7,5,10000,120000,41430.424433015876,13929.956431999984,30000.0,43929.956431999984,3600.0
2025-06-30,P01,RM007,3126.36467,Carton,unit,8.5,7,5,500,5000,2288.2749934391536,1873.63533,500.0,2373.63533,4250.0
2025-07-07,P01,RM007,3526.30361,Carton,unit,8.5,7,5,500,5000,2288.2749934391536,-1152.6682799999999,3500.0,2347.33172,29750.0
2025-07-14,P01,RM007,3547.88559,Carton,unit,8.5,7,5,500,5000,2288.2749934391536,-1200.5538699999997,3500.0,2299.4461300000003,29750.0
2025-07-21,P01,RM007,3511.7722599999997,Carton,unit,8.5,7,5,500,5000,2288.2749934391536,-1212.3261299999995,4000.0,2787.6738700000005,34000.0
2025-07-28,P01,RM007,3329.39747,Carton,unit,8.5,7,5,500,5000,2288.2749934391536,-541.7235999999994,3000.0,2458.2764000000006,25500.0
2025-08-04,P01,RM007,3187.1298,Carton,unit,8.5,7,5,500,5000,2288.2749934391536,-728.8533999999995,3500.0,2771.1466000000005,29750.0
2025-08-11,P01,RM007,3228.41754,Carton,unit,8.5,7,5,500,5000,2288.2749934391536,-457.2709399999994,3000.0,2542.7290600000006,25500.0
2025-08-18,P01,RM007,3154.5756300000003,Carton,unit,8.5,7,5,500,5000,2288.2749934391536,-611.8465699999997,3000.0,2388.1534300000003,25500.0
2025-08-25,P01,RM007,3232.12247,Carton,unit,8.5,7,5,500,5000,2288.2749934391536,-843.9690399999995,3500.0,2656.0309600000005,29750.0
2025-09-01,P01,RM007,3167.70085,Carton,unit,8.5,7,5,500,5000,2288.2749934391536,-511.66988999999967,3000.0,2488.3301100000003,25500.0
2025-09-08,P01,RM007,3225.1930199999997,Carton,unit,8.5,7,5,500,5000,2288.2749934391536,-736.8629099999994,3500.0,2763.1370900000006,29750.0
2025-09-15,P01,RM007,3203.22058,Carton,unit,8.5,7,5,500,5000,2288.2749934391536,-440.08348999999953,3000.0,2559.9165100000005,25500.0
2025-09-22,P01,RM007,3213.54609,Carton,unit,8.5,7,5,500,5000,2288.2749934391536,-653.6295799999994,3000.0,2346.3704200000006,25500.0
2025-09-29,P01,RM007,3235.81487,Carton,unit,8.5,7,5,500,5000,2288.2749934391536,-889.4444499999995,3500.0,2610.5555500000005,29750.0
2025-10-06,P01,RM007,3182.42097,Carton,unit,8.5,7,5,500,5000,2288.2749934391536,-571.8654199999996,3000.0,2428.1345800000004,25500.0
2025-10-13,P01,RM007,3186.98113,Carton,unit,8.5,7,5,500,5000,2288.2749934391536,-758.8465499999998,3500.0,2741.1534500000002,29750.0
2025-10-20,P01,RM007,3306.58595,Carton,unit,8.5,7,5,500,5000,2288.2749934391536,-565.4324999999999,3000.0,2434.5675,25500.0
2025-10-27,P01,RM007,3203.9247100000002,Carton,unit,8.5,7,5,500,5000,2288.2749934391536,-769.3572100000001,3500.0,2730.64279,29750.0
2025-11-03,P01,RM007,3266.85585,Carton,unit,8.5,7,5,500,5000,2288.2749934391536,-536.21306,3000.0,2463.78694,25500.0
2025-11-10,P01,RM007,3184.50473,Carton,unit,8.5,7,5,500,5000,2288.2749934391536,-720.7177900000002,3500.0,2779.28221,29750.0
2025-11-17,P01,RM007,3223.55513,Carton,unit,8.5,7,5,500,5000,2288.2749934391536,-444.27292000000034,3000.0,2555.7270799999997,25500.0
2025-11-24,P01,RM007,3235.62914,Carton,unit,8.5,7,5,500,5000,2288.2749934391536,-679.9020600000003,3000.0,2320.0979399999997,25500.0
2025-12-01,P01,RM007,3193.2895,Carton,unit,8.5,7,5,500,5000,2288.2749934391536,-873.1915600000002,3500.0,2626.80844,29750.0
2025-12-08,P01,RM007,3204.8419,Carton,unit,8.5,7,5,500,5000,2288.2749934391536,-578.0334600000001,3000.0,2421.96654,25500.0
2025-12-15,P01,RM007,3220.75196,Carton,unit,8.5,7,5,500,5000,2288.2749934391536,-798.7854200000002,3500.0,2701.21458,29750.0
2025-12-22,P01,RM007,3283.05893,Carton,unit,8.5,7,5,500,5000,2288.2749934391536,-581.8443500000003,3000.0,2418.1556499999997,25500.0
2025-12-29,P01,RM007,1914.950402,Carton,unit,8.5,7,5,500,5000,2288.2749934391536,503.20524799999976,2000.0,2503.2052479999998,17000.0
2025-06-30,P01,RM008,331.5835338,Shrink Film,kg,2.2,7,5,100,600,242.62791482275134,268.4164662,0.0,268.4164662,0.0
2025-07-07,P01,RM008,374.4555828,Shrink Film,kg,2.2,7,5,100,600,242.62791482275134,-106.0391166,400.0,293.9608834,880.0000000000001
2025-07-14,P01,RM008,375.8410054,Shrink Film,kg,2.2,7,5,100,600,242.62791482275134,-81.88012199999997,400.0,318.119878,880.0000000000001
2025-07-21,P01,RM008,371.3036024,Shrink Film,kg,2.2,7,5,100,600,242.62791482275134,-53.18372439999996,300.0,246.81627560000004,660.0
2025-07-28,P01,RM008,353.1577914,Shrink Film,kg,2.2,7,5,100,600,242.62791482275134,-106.34151579999997,400.0,293.65848420000003,880.0000000000001
2025-08-04,P01,RM008,337.5614734,Shrink Film,kg,2.2,7,5,100,600,242.62791482275134,-43.90298919999998,300.0,256.0970108,660.0
2025-08-11,P01,RM008,342.542102,Shrink Film,kg,2.2,7,5,100,600,242.62791482275134,-86.44509119999998,400.0,313.5549088,880.0000000000001
2025-08-18,P01,RM008,334.71092880000003,Shrink Film,kg,2.2,7,5,100,600,242.62791482275134,-21.156020000000012,300.0,278.84398,660.0
2025-08-25,P01,RM008,343.8344754,Shrink Film,kg,2.2,7,5,100,600,242.62791482275134,-64.99049539999999,400.0,335.0095046,880.0000000000001
2025-09-01,P01,RM008,336.0877148,Shrink Film,kg,2.2,7,5,100,600,242.62791482275134,-1.078210200000001,300.0,298.9217898,660.0
2025-09-08,P01,RM008,342.27994060000003,Shrink Film,kg,2.2,7,5,100,600,242.62791482275134,-43.35815080000003,300.0,256.64184919999997,660.0
2025-09-15,P01,RM008,339.8509902,Shrink Film,kg,2.2,7,5,100,600,242.62791482275134,-83.20914100000005,400.0,316.79085899999995,880.0000000000001
2025-09-22,P01,RM008,341.0589178,Shrink Film,kg,2.2,7,5,100,600,242.62791482275134,-24.268058800000063,300.0,275.73194119999994,660.0
2025-09-29,P01,RM008,342.961267,Shrink Film,kg,2.2,7,5,100,600,242.62791482275134,-67.22932580000008,400.0,332.7706741999999,880.0000000000001
2025-10-06,P01,RM008,336.8442378,Shrink Film,kg,2.2,7,5,100,600,242.62791482275134,-4.073563600000057,300.0,295.92643639999994,660.0
2025-10-13,P01,RM008,337.66493019999996,Shrink Film,kg,2.2,7,5,100,600,242.62791482275134,-41.738493800000015,300.0,258.2615062,660.0
2025-10-20,P01,RM008,350.28222700000003,Shrink Film,kg,2.2,7,5,100,600,242.62791482275134,-92.02072080000005,400.0,307.97927919999995,880.0000000000001
2025-10-27,P01,RM008,339.5545392,Shrink Film,kg,2.2,7,5,100,600,242.62791482275134,-31.57526000000007,300.0,268.42473999999993,660.0
2025-11-03,P01,RM008,346.81754839999996,Shrink Film,kg,2.2,7,5,100,600,242.62791482275134,-78.39280840000004,400.0,321.60719159999996,880.0000000000001
2025-11-10,P01,RM008,337.5058568,Shrink Film,kg,2.2,7,5,100,600,242.62791482275134,-15.898665200000039,300.0,284.10133479999996,660.0
2025-11-17,P01,RM008,341.8790404,Shrink Film,kg,2.2,7,5,100,600,242.62791482275134,-57.77770560000005,400.0,342.22229439999995,880.0000000000001
2025-11-24,P01,RM008,342.5676268,Shrink Film,kg,2.2,7,5,100,600,242.62791482275134,-0.3453324000000748,300.0,299.6546675999999,660.0
2025-12-01,P01,RM008,338.645084,Shrink Film,kg,2.2,7,5,100,600,242.62791482275134,-38.99041640000007,300.0,261.0095835999999,660.0
2025-12-08,P01,RM008,339.7119128,Shrink Film,kg,2.2,7,5,100,600,242.62791482275134,-78.70232920000007,400.0,321.29767079999993,880.0000000000001
2025-12-15,P01,RM008,341.192909,Shrink Film,kg,2.2,7,5,100,600,242.62791482275134,-19.89523820000005,300.0,280.10476179999995,660.0
2025-12-22,P01,RM008,347.99778860000004,Shrink Film,kg,2.2,7,5,100,600,242.62791482275134,-67.89302680000009,400.0,332.1069731999999,880.0000000000001
2025-12-29,P01,RM008,203.4421535,Shrink Film,kg,2.2,7,5,100,600,242.62791482275134,128.66481969999992,200.0,328.66481969999995,440.00000000000006
2025-06-30,P02,RM001,28117.209498,Sugar,kg,0.65,7,5,500,22000,20239.921770031746,-6117.209498,26500.0,20382.790502,17225.0
2025-07-07,P02,RM001,30870.857835,Sugar,kg,0.65,7,5,500,22000,20239.921770031746,-10488.067332999999,31000.0,20511.932667,20150.0
2025-07-14,P02,RM001,31117.688415,Sugar,kg,0.65,7,5,500,22000,20239.921770031746,-10605.755748,31000.0,20394.244252,20150.0
2025-07-21,P02,RM001,30914.027559,Sugar,kg,0.65,7,5,500,22000,20239.921770031746,-10519.783306999998,31000.0,20480.216693000002,20150.0
2025-07-28,P02,RM001,30000.435723000002,Sugar,kg,0.65,7,5,500,22000,20239.921770031746,-9520.21903,30000.0,20479.78097,19500.0
2025-08-04,P02,RM001,28302.20334,Sugar,kg,0.65,7,5,500,22000,20239.921770031746,-7822.42237,28500.0,20677.57763,18525.0
2025-08-11,P02,RM001,28926.243924,Sugar,kg,0.65,7,5,500,22000,20239.921770031746,-8248.666293999999,28500.0,20251.333706,18525.0
2025-08-18,P02,RM001,28487.4163032,Sugar,kg,0.65,7,5,500,22000,20239.921770031746,-8236.082597199998,28500.0,20263.9174028,18525.0
2025-08-25,P02,RM001,28204.932891,Sugar,kg,0.65,7,5,500,22000,20239.921770031746,-7941.015488199999,28500.0,20558.9845118,18525.0
2025-09-01,P02,RM001,28181.540178,Sugar,kg,0.65,7,5,500,22000,20239.921770031746,-7622.555666199998,28000.0,20377.444333800002,18200.0
2025-09-08,P02,RM001,28097.11314,Sugar,kg,0.65,7,5,500,22000,20239.921770031746,-7719.668806199999,28000.0,20280.3311938,18200.0
2025-09-15,P02,RM001,28159.354302,Sugar,kg,0.65,7,5,500,22000,20239.921770031746,-7879.023108199999,28500.0,20620.9768918,18525.0
2025-09-22,P02,RM001,28062.552072,Sugar,kg,0.65,7,5,500,22000,20239.921770031746,-7441.575180199998,28000.0,20558.424819800002,18200.0
2025-09-29,P02,RM001,28763.624856,Sugar,kg,0.65,7,5,500,22000,20239.921770031746,-8205.200036199996,28500.0,20294.799963800004,18525.0
2025-10-06,P02,RM001,28267.160022,Sugar,kg,0.65,7,5,500,22000,20239.921770031746,-7972.360058199996,28500.0,20527.639941800004,18525.0
2025-10-13,P02,RM001,28228.623147,Sugar,kg,0.65,7,5,500,22000,20239.921770031746,-7700.983205199995,28000.0,20299.016794800005,18200.0
2025-10-20,P02,RM001,28812.039453,Sugar,kg,0.65,7,5,500,22000,20239.921770031746,-8513.022658199996,29000.0,20486.977341800004,18850.0
2025-10-27,P02,RM001,28631.342301,Sugar,kg,0.65,7,5,500,22000,20239.921770031746,-8144.3649591999965,28500.0,20355.635040800003,18525.0
2025-11-03,P02,RM001,28433.108493,Sugar,kg,0.65,7,5,500,22000,20239.921770031746,-8077.473452199996,28500.0,20422.526547800004,18525.0
2025-11-10,P02,RM001,28441.564911,Sugar,kg,0.65,7,5,500,22000,20239.921770031746,-8019.038363199998,28500.0,20480.961636800002,18525.0
2025-11-17,P02,RM001,28518.692535000002,Sugar,kg,0.65,7,5,500,22000,20239.921770031746,-8037.7308981999995,28500.0,20462.2691018,18525.0
2025-11-24,P02,RM001,28114.507797,Sugar,kg,0.65,7,5,500,22000,20239.921770031746,-7652.238695199998,28000.0,20347.761304800002,18200.0
2025-12-01,P02,RM001,28168.407945,Sugar,kg,0.65,7,5,500,22000,20239.921770031746,-7820.646640199997,28500.0,20679.353359800003,18525.0
2025-12-08,P02,RM001,28348.925052,Sugar,kg,0.65,7,5,500,22000,20239.921770031746,-7669.571692199996,28000.0,20330.428307800004,18200.0
2025-12-15,P02,RM001,28244.017941000002,Sugar,kg,0.65,7,5,500,22000,20239.921770031746,-7913.5896331999975,28500.0,20586.410366800003,18525.0
2025-12-22,P02,RM001,29337.785772,Sugar,kg,0.65,7,5,500,22000,20239.921770031746,-8751.375405199997,29000.0,20248.624594800003,18850.0
2025-12-29,P02,RM001,17317.667502,Sugar,kg,0.65,7,5,500,22000,20239.921770031746,2930.957092800003,17500.0,20430.957092800003,11375.0
2025-06-30,P02,RM002,5628.1683834,Beverage Concentrate,kg,4.5,14,7,100,4000,5673.0459291611105,-1628.1683833999996,7400.0,5771.8316166,33300.0
2025-07-07,P02,RM002,6178.7280559,Beverage Concentrate,kg,4.5,14,7,100,4000,5673.0459291611105,-406.89643929999966,6100.0,5693.1035607,27450.0
2025-07-14,P02,RM002,6227.2134135,Beverage Concentrate,kg,4.5,14,7,100,4000,5673.0459291611105,-534.1098527999993,6300.0,5765.890147200001,28350.0
2025-07-21,P02,RM002,6188.3819384,Beverage Concentrate,kg,4.5,14,7,100,4000,5673.0459291611105,-422.49179119999917,6100.0,5677.508208800001,27450.0
2025-07-28,P02,RM002,6007.9610566,Beverage Concentrate,kg,4.5,14,7,100,4000,5673.0459291611105,-330.4528477999993,6100.0,5769.547152200001,27450.0
2025-08-04,P02,RM002,5664.731212799999,Beverage Concentrate,kg,4.5,14,7,100,4000,5673.0459291611105,104.8159394000013,5600.0,5704.815939400001,25200.0
2025-08-11,P02,RM002,5789.749178499999,Beverage Concentrate,kg,4.5,14,7,100,4000,5673.0459291611105,-84.93323909999799,5800.0,5715.066760900002,26100.0
2025-08-18,P02,RM002,5701.8502375,Beverage Concentrate,kg,4.5,14,7,100,4000,5673.0459291611105,13.216523400002188,5700.0,5713.216523400002,25650.0
2025-08-25,P02,RM002,5645.4297078,Beverage Concentrate,kg,4.5,14,7,100,4000,5673.0459291611105,67.78681560000223,5700.0,5767.786815600002,25650.0
2025-09-01,P02,RM002,5641.8295207,Beverage Concentrate,kg,4.5,14,7,100,4000,5673.0459291611105,125.95729490000213,5600.0,5725.957294900002,25200.0
2025-09-08,P02,RM002,5624.251552199999,Beverage Concentrate,kg,4.5,14,7,100,4000,5673.0459291611105,101.7057427000027,5600.0,5701.705742700003,25200.0
2025-09-15,P02,RM002,5639.0944378,Beverage Concentrate,kg,4.5,14,7,100,4000,5673.0459291611105,62.611304900002324,5700.0,5762.611304900002,25650.0
2025-09-22,P02,RM002,5619.4208927,Beverage Concentrate,kg,4.5,14,7,100,4000,5673.0459291611105,143.19041220000236,5600.0,5743.190412200002,25200.0
2025-09-29,P02,RM002,5758.8581532,Beverage Concentrate,kg,4.5,14,7,100,4000,5673.0459291611105,-15.667740999997477,5700.0,5684.3322590000025,25650.0
2025-10-06,P02,RM002,5658.0978206,Beverage Concentrate,kg,4.5,14,7,100,4000,5673.0459291611105,26.234438400002546,5700.0,5726.234438400003,25650.0
2025-10-13,P02,RM002,5650.8939448,Beverage Concentrate,kg,4.5,14,7,100,4000,5673.0459291611105,75.34049360000245,5600.0,5675.340493600002,25200.0
2025-10-20,P02,RM002,5768.2050017,Beverage Concentrate,kg,4.5,14,7,100,4000,5673.0459291611105,-92.86450809999769,5800.0,5707.135491900002,26100.0
2025-10-27,P02,RM002,5733.221095399999,Beverage Concentrate,kg,4.5,14,7,100,4000,5673.0459291611105,-26.085603499996978,5700.0,5673.914396500003,25650.0
2025-11-03,P02,RM002,5692.2877019,Beverage Concentrate,kg,4.5,14,7,100,4000,5673.0459291611105,-18.373305399996752,5700.0,5681.626694600003,25650.0
2025-11-10,P02,RM002,5694.5936999,Beverage Concentrate,kg,4.5,14,7,100,4000,5673.0459291611105,-12.967005299996345,5700.0,5687.032994700004,25650.0
2025-11-17,P02,RM002,5711.1344356,Beverage Concentrate,kg,4.5,14,7,100,4000,5673.0459291611105,-24.101440899996305,5700.0,5675.898559100004,25650.0
2025-11-24,P02,RM002,5631.5487919,Beverage Concentrate,kg,4.5,14,7,100,4000,5673.0459291611105,44.34976720000395,5700.0,5744.349767200004,25650.0
2025-12-01,P02,RM002,5640.2968682,Beverage Concentrate,kg,4.5,14,7,100,4000,5673.0459291611105,104.05289900000389,5600.0,5704.052899000004,25200.0
2025-12-08,P02,RM002,5676.4869926,Beverage Concentrate,kg,4.5,14,7,100,4000,5673.0459291611105,27.56590640000377,5700.0,5727.565906400004,25650.0
2025-12-15,P02,RM002,5656.7643388999995,Beverage Concentrate,kg,4.5,14,7,100,4000,5673.0459291611105,70.80156750000424,5700.0,5770.801567500004,25650.0
2025-12-22,P02,RM002,5875.200992,Beverage Concentrate,kg,4.5,14,7,100,4000,5673.0459291611105,-104.3994244999958,5800.0,5695.600575500004,26100.0
2025-12-29,P02,RM002,3467.8406628499997,Beverage Concentrate,kg,4.5,14,7,100,4000,5673.0459291611105,2227.7599126500045,3500.0,5727.7599126500045,15750.0
2025-06-30,P02,RM003,252.3417076,CO2,kg,1.8,5,3,100,220,109.0714735763492,-32.34170760000001,200.0,167.6582924,360.0
2025-07-07,P02,RM003,277.07313045,CO2,kg,1.8,5,3,100,220,109.0714735763492,-109.41483805000001,300.0,190.58516194999999,540.0
2025-07-14,P02,RM003,279.31205075,CO2,kg,1.8,5,3,100,220,109.0714735763492,-88.72688880000004,200.0,111.27311119999996,360.0
2025-07-21,P02,RM003,277.65567235000003,CO2,kg,1.8,5,3,100,220,109.0714735763492,-166.38256115000007,300.0,133.61743884999993,540.0
2025-07-28,P02,RM003,269.24353575000004,CO2,kg,1.8,5,3,100,220,109.0714735763492,-135.6260969000001,300.0,164.3739030999999,540.0
2025-08-04,P02,RM003,254.25993880000001,CO2,kg,1.8,5,3,100,220,109.0714735763492,-89.88603570000012,200.0,110.11396429999988,360.0
2025-08-11,P02,RM003,259.6169215,CO2,kg,1.8,5,3,100,220,109.0714735763492,-149.5029572000001,300.0,150.4970427999999,540.0
2025-08-18,P02,RM003,255.83366186,CO2,kg,1.8,5,3,100,220,109.0714735763492,-105.33661906000012,300.0,194.66338093999988,540.0
2025-08-25,P02,RM003,253.27498485,CO2,kg,1.8,5,3,100,220,109.0714735763492,-58.61160391000013,200.0,141.38839608999987,360.0
2025-09-01,P02,RM003,253.0369815,CO2,kg,1.8,5,3,100,220,109.0714735763492,-111.64858541000012,300.0,188.35141458999988,540.0
2025-09-08,P02,RM003,252.4984191,CO2,kg,1.8,5,3,100,220,109.0714735763492,-64.14700451000013,200.0,135.85299548999987,360.0
2025-09-15,P02,RM003,252.9699604,CO2,kg,1.8,5,3,100,220,109.0714735763492,-117.11696491000012,300.0,182.88303508999988,540.0
2025-09-22,P02,RM003,252.186909,CO2,kg,1.8,5,3,100,220,109.0714735763492,-69.30387391000014,200.0,130.69612608999986,360.0
2025-09-29,P02,RM003,258.3980396,CO2,kg,1.8,5,3,100,220,109.0714735763492,-127.70191351000014,300.0,172.29808648999986,540.0
2025-10-06,P02,RM003,253.8064803,CO2,kg,1.8,5,3,100,220,109.0714735763492,-81.50839381000014,200.0,118.49160618999986,360.0
2025-10-13,P02,RM003,253.57184915000002,CO2,kg,1.8,5,3,100,220,109.0714735763492,-135.08024296000016,300.0,164.91975703999984,540.0
2025-10-20,P02,RM003,258.92399715,CO2,kg,1.8,5,3,100,220,109.0714735763492,-94.00424011000015,300.0,205.99575988999985,540.0
2025-10-27,P02,RM003,257.20648135,CO2,kg,1.8,5,3,100,220,109.0714735763492,-51.210721460000144,200.0,148.78927853999986,360.0
2025-11-03,P02,RM003,255.39137545,CO2,kg,1.8,5,3,100,220,109.0714735763492,-106.60209691000014,300.0,193.39790308999986,540.0
2025-11-10,P02,RM003,255.49776275,CO2,kg,1.8,5,3,100,220,109.0714735763492,-62.099859660000135,200.0,137.90014033999987,360.0
2025-11-17,P02,RM003,256.29442535000004,CO2,kg,1.8,5,3,100,220,109.0714735763492,-118.39428501000017,300.0,181.60571498999983,540.0
2025-11-24,P02,RM003,252.43646885,CO2,kg,1.8,5,3,100,220,109.0714735763492,-70.83075386000019,200.0,129.1692461399998,360.0
2025-12-01,P02,RM003,253.08044844999998,CO2,kg,1.8,5,3,100,220,109.0714735763492,-123.91120231000016,300.0,176.08879768999984,540.0
2025-12-08,P02,RM003,254.7135446,CO2,kg,1.8,5,3,100,220,109.0714735763492,-78.62474691000017,200.0,121.37525308999983,360.0
2025-12-15,P02,RM003,253.82364335,CO2,kg,1.8,5,3,100,220,109.0714735763492,-132.44839026000017,300.0,167.55160973999983,540.0
2025-12-22,P02,RM003,263.5077295,CO2,kg,1.8,5,3,100,220,109.0714735763492,-95.95611976000015,300.0,204.04388023999985,540.0
2025-12-29,P02,RM003,155.54671555,CO2,kg,1.8,5,3,100,220,109.0714735763492,48.49716468999986,100.0,148.49716468999986,180.0
2025-06-30,P02,RM004,185477.67504,PET Bottle,unit,2.1,10,5,5000,150000,135324.67270920635,-35477.67504,175000.0,139522.32496,367500.0
2025-07-07,P02,RM004,205423.96764,PET Bottle,unit,2.1,10,5,5000,150000,135324.67270920635,-65901.64267999999,205000.0,139098.35732,430500.0
2025-07-14,P02,RM004,206492.69928,PET Bottle,unit,2.1,10,5,5000,150000,135324.67270920635,-67394.34195999999,205000.0,137605.65804,430500.0
2025-07-21,P02,RM004,207354.624,PET Bottle,unit,2.1,10,5,5000,150000,135324.67270920635,-69748.96596,210000.0,140251.03404,441000.0
2025-07-28,P02,RM004,200267.13744,PET Bottle,unit,2.1,10,5,5000,150000,135324.67270920635,-60016.10339999999,200000.0,139983.8966,420000.0
2025-08-04,P02,RM004,189878.62188,PET Bottle,unit,2.1,10,5,5000,150000,135324.67270920635,-49894.725279999984,190000.0,140105.27472000002,399000.0
2025-08-11,P02,RM004,192037.76327999998,PET Bottle,unit,2.1,10,5,5000,150000,135324.67270920635,-51932.48855999997,190000.0,138067.51144000003,399000.0
2025-08-18,P02,RM004,189804.087072,PET Bottle,unit,2.1,10,5,5000,150000,135324.67270920635,-51736.575631999964,190000.0,138263.42436800004,399000.0
2025-08-25,P02,RM004,188748.5526,PET Bottle,unit,2.1,10,5,5000,150000,135324.67270920635,-50485.12823199996,190000.0,139514.87176800004,399000.0
2025-09-01,P02,RM004,187748.15412,PET Bottle,unit,2.1,10,5,5000,150000,135324.67270920635,-48233.28235199995,185000.0,136766.71764800005,388500.0
2025-09-08,P02,RM004,188447.90868,PET Bottle,unit,2.1,10,5,5000,150000,135324.67270920635,-51681.191031999944,190000.0,138318.80896800006,399000.0
2025-09-15,P02,RM004,188668.57056,PET Bottle,unit,2.1,10,5,5000,150000,135324.67270920635,-50349.76159199994,190000.0,139650.23840800006,399000.0
2025-09-22,P02,RM004,189541.5558,PET Bottle,unit,2.1,10,5,5000,150000,135324.67270920635,-49891.31739199994,190000.0,140108.68260800006,399000.0
2025-09-29,P02,RM004,191843.71188,PET Bottle,unit,2.1,10,5,5000,150000,135324.67270920635,-51735.02927199993,190000.0,138264.97072800007,399000.0
2025-10-06,P02,RM004,188163.52487999998,PET Bottle,unit,2.1,10,5,5000,150000,135324.67270920635,-49898.55415199991,190000.0,140101.4458480001,399000.0
2025-10-13,P02,RM004,189271.63992000002,PET Bottle,unit,2.1,10,5,5000,150000,135324.67270920635,-49170.194071999926,185000.0,135829.80592800007,388500.0
2025-10-20,P02,RM004,193038.88212,PET Bottle,unit,2.1,10,5,5000,150000,135324.67270920635,-57209.07619199992,195000.0,137790.92380800008,409500.0
2025-10-27,P02,RM004,191228.26788,PET Bottle,unit,2.1,10,5,5000,150000,135324.67270920635,-53437.34407199992,190000.0,136562.65592800008,399000.0
2025-11-03,P02,RM004,189594.2178,PET Bottle,unit,2.1,10,5,5000,150000,135324.67270920635,-53031.56187199993,190000.0,136968.43812800007,399000.0
2025-11-10,P02,RM004,190281.6564,PET Bottle,unit,2.1,10,5,5000,150000,135324.67270920635,-53313.21827199994,190000.0,136686.78172800006,399000.0
2025-11-17,P02,RM004,191468.37888,PET Bottle,unit,2.1,10,5,5000,150000,135324.67270920635,-54781.597151999944,195000.0,140218.40284800006,409500.0
2025-11-24,P02,RM004,189066.45744,PET Bottle,unit,2.1,10,5,5000,150000,135324.67270920635,-48848.05459199994,185000.0,136151.94540800006,388500.0
2025-12-01,P02,RM004,189394.57259999998,PET Bottle,unit,2.1,10,5,5000,150000,135324.67270920635,-53242.62719199993,190000.0,136757.37280800007,399000.0
2025-12-08,P02,RM004,191050.14444,PET Bottle,unit,2.1,10,5,5000,150000,135324.67270920635,-54292.77163199993,190000.0,135707.22836800007,399000.0
2025-12-15,P02,RM004,189897.28716,PET Bottle,unit,2.1,10,5,5000,150000,135324.67270920635,-54190.05879199994,190000.0,135809.94120800006,399000.0
2025-12-22,P02,RM004,195214.46904,PET Bottle,unit,2.1,10,5,5000,150000,135324.67270920635,-59404.527831999934,195000.0,135595.47216800007,409500.0
2025-12-29,P02,RM004,115868.100576,PET Bottle,unit,2.1,10,5,5000,150000,135324.67270920635,19727.37159200007,120000.0,139727.37159200007,252000.0
2025-06-30,P02,RM005,185477.67504,Cap,unit,0.35,10,5,5000,150000,135324.67270920635,-35477.67504,175000.0,139522.32496,61249.99999999999
2025-07-07,P02,RM005,205423.96764,Cap,unit,0.35,10,5,5000,150000,135324.67270920635,-65901.64267999999,205000.0,139098.35732,71750.0
2025-07-14,P02,RM005,206492.69928,Cap,unit,0.35,10,5,5000,150000,135324.67270920635,-67394.34195999999,205000.0,137605.65804,71750.0
2025-07-21,P02,RM005,207354.624,Cap,unit,0.35,10,5,5000,150000,135324.67270920635,-69748.96596,210000.0,140251.03404,73500.0
2025-07-28,P02,RM005,200267.13744,Cap,unit,0.35,10,5,5000,150000,135324.67270920635,-60016.10339999999,200000.0,139983.8966,70000.0
2025-08-04,P02,RM005,189878.62188,Cap,unit,0.35,10,5,5000,150000,135324.67270920635,-49894.725279999984,190000.0,140105.27472000002,66500.0
2025-08-11,P02,RM005,192037.76327999998,Cap,unit,0.35,10,5,5000,150000,135324.67270920635,-51932.48855999997,190000.0,138067.51144000003,66500.0
2025-08-18,P02,RM005,189804.087072,Cap,unit,0.35,10,5,5000,150000,135324.67270920635,-51736.575631999964,190000.0,138263.42436800004,66500.0
2025-08-25,P02,RM005,188748.5526,Cap,unit,0.35,10,5,5000,150000,135324.67270920635,-50485.12823199996,190000.0,139514.87176800004,66500.0
2025-09-01,P02,RM005,187748.15412,Cap,unit,0.35,10,5,5000,150000,135324.67270920635,-48233.28235199995,185000.0,136766.71764800005,64749.99999999999
2025-09-08,P02,RM005,188447.90868,Cap,unit,0.35,10,5,5000,150000,135324.67270920635,-51681.191031999944,190000.0,138318.80896800006,66500.0
2025-09-15,P02,RM005,188668.57056,Cap,unit,0.35,10,5,5000,150000,135324.67270920635,-50349.76159199994,190000.0,139650.23840800006,66500.0
2025-09-22,P02,RM005,189541.5558,Cap,unit,0.35,10,5,5000,150000,135324.67270920635,-49891.31739199994,190000.0,140108.68260800006,66500.0
2025-09-29,P02,RM005,191843.71188,Cap,unit,0.35,10,5,5000,150000,135324.67270920635,-51735.02927199993,190000.0,138264.97072800007,66500.0
2025-10-06,P02,RM005,188163.52487999998,Cap,unit,0.35,10,5,5000,150000,135324.67270920635,-49898.55415199991,190000.0,140101.4458480001,66500.0
2025-10-13,P02,RM005,189271.63992000002,Cap,unit,0.35,10,5,5000,150000,135324.67270920635,-49170.194071999926,185000.0,135829.80592800007,64749.99999999999
2025-10-20,P02,RM005,193038.88212,Cap,unit,0.35,10,5,5000,150000,135324.67270920635,-57209.07619199992,195000.0,137790.92380800008,68250.0
2025-10-27,P02,RM005,191228.26788,Cap,unit,0.35,10,5,5000,150000,135324.67270920635,-53437.34407199992,190000.0,136562.65592800008,66500.0
2025-11-03,P02,RM005,189594.2178,Cap,unit,0.35,10,5,5000,150000,135324.67270920635,-53031.56187199993,190000.0,136968.43812800007,66500.0
2025-11-10,P02,RM005,190281.6564,Cap,unit,0.35,10,5,5000,150000,135324.67270920635,-53313.21827199994,190000.0,136686.78172800006,66500.0
2025-11-17,P02,RM005,191468.37888,Cap,unit,0.35,10,5,5000,150000,135324.67270920635,-54781.597151999944,195000.0,140218.40284800006,68250.0
2025-11-24,P02,RM005,189066.45744,Cap,unit,0.35,10,5,5000,150000,135324.67270920635,-48848.05459199994,185000.0,136151.94540800006,64749.99999999999
2025-12-01,P02,RM005,189394.57259999998,Cap,unit,0.35,10,5,5000,150000,135324.67270920635,-53242.62719199993,190000.0,136757.37280800007,66500.0
2025-12-08,P02,RM005,191050.14444,Cap,unit,0.35,10,5,5000,150000,135324.67270920635,-54292.77163199993,190000.0,135707.22836800007,66500.0
2025-12-15,P02,RM005,189897.28716,Cap,unit,0.35,10,5,5000,150000,135324.67270920635,-54190.05879199994,190000.0,135809.94120800006,66500.0
2025-12-22,P02,RM005,195214.46904,Cap,unit,0.35,10,5,5000,150000,135324.67270920635,-59404.527831999934,195000.0,135595.47216800007,68250.0
2025-12-29,P02,RM005,115868.100576,Cap,unit,0.35,10,5,5000,150000,135324.67270920635,19727.37159200007,120000.0,139727.37159200007,42000.0
2025-06-30,P02,RM006,185477.67504,Label,unit,0.12,7,5,10000,150000,135324.67270920635,-35477.67504,180000.0,144522.32496,21600.0
2025-07-07,P02,RM006,205423.96764,Label,unit,0.12,7,5,10000,150000,135324.67270920635,-60901.64267999999,200000.0,139098.35732,24000.0
2025-07-14,P02,RM006,206492.69928,Label,unit,0.12,7,5,10000,150000,135324.67270920635,-67394.34195999999,210000.0,142605.65804,25200.0
2025-07-21,P02,RM006,207354.624,Label,unit,0.12,7,5,10000,150000,135324.67270920635,-64748.96596,210000.0,145251.03404,25200.0
2025-07-28,P02,RM006,200267.13744,Label,unit,0.12,7,5,10000,150000,135324.67270920635,-55016.10339999999,200000.0,144983.8966,24000.0
2025-08-04,P02,RM006,189878.62188,Label,unit,0.12,7,5,10000,150000,135324.67270920635,-44894.725279999984,190000.0,145105.27472000002,22800.0
2025-08-11,P02,RM006,192037.76327999998,Label,unit,0.12,7,5,10000,150000,135324.67270920635,-46932.48855999997,190000.0,143067.51144000003,22800.0
2025-08-18,P02,RM006,189804.087072,Label,unit,0.12,7,5,10000,150000,135324.67270920635,-46736.575631999964,190000.0,143263.42436800004,22800.0
2025-08-25,P02,RM006,188748.5526,Label,unit,0.12,7,5,10000,150000,135324.67270920635,-45485.12823199996,190000.0,144514.87176800004,22800.0
2025-09-01,P02,RM006,187748.15412,Label,unit,0.12,7,5,10000,150000,135324.67270920635,-43233.28235199995,180000.0,136766.71764800005,21600.0
2025-09-08,P02,RM006,188447.90868,Label,unit,0.12,7,5,10000,150000,135324.67270920635,-51681.191031999944,190000.0,138318.80896800006,22800.0
2025-09-15,P02,RM006,188668.57056,Label,unit,0.12,7,5,10000,150000,135324.67270920635,-50349.76159199994,190000.0,139650.23840800006,22800.0
2025-09-22,P02,RM006,189541.5558,Label,unit,0.12,7,5,10000,150000,135324.67270920635,-49891.31739199994,190000.0,140108.68260800006,22800.0
2025-09-29,P02,RM006,191843.71188,Label,unit,0.12,7,5,10000,150000,135324.67270920635,-51735.02927199993,190000.0,138264.97072800007,22800.0
2025-10-06,P02,RM006,188163.52487999998,Label,unit,0.12,7,5,10000,150000,135324.67270920635,-49898.55415199991,190000.0,140101.4458480001,22800.0
2025-10-13,P02,RM006,189271.63992000002,Label,unit,0.12,7,5,10000,150000,135324.67270920635,-49170.194071999926,190000.0,140829.80592800007,22800.0
2025-10-20,P02,RM006,193038.88212,Label,unit,0.12,7,5,10000,150000,135324.67270920635,-52209.07619199992,190000.0,137790.92380800008,22800.0
2025-10-27,P02,RM006,191228.26788,Label,unit,0.12,7,5,10000,150000,135324.67270920635,-53437.34407199992,190000.0,136562.65592800008,22800.0
2025-11-03,P02,RM006,189594.2178,Label,unit,0.12,7,5,10000,150000,135324.67270920635,-53031.56187199993,190000.0,136968.43812800007,22800.0
2025-11-10,P02,RM006,190281.6564,Label,unit,0.12,7,5,10000,150000,135324.67270920635,-53313.21827199994,190000.0,136686.78172800006,22800.0
2025-11-17,P02,RM006,191468.37888,Label,unit,0.12,7,5,10000,150000,135324.67270920635,-54781.597151999944,200000.0,145218.40284800006,24000.0
2025-11-24,P02,RM006,189066.45744,Label,unit,0.12,7,5,10000,150000,135324.67270920635,-43848.05459199994,180000.0,136151.94540800006,21600.0
2025-12-01,P02,RM006,189394.57259999998,Label,unit,0.12,7,5,10000,150000,135324.67270920635,-53242.62719199993,190000.0,136757.37280800007,22800.0
2025-12-08,P02,RM006,191050.14444,Label,unit,0.12,7,5,10000,150000,135324.67270920635,-54292.77163199993,190000.0,135707.22836800007,22800.0
2025-12-15,P02,RM006,189897.28716,Label,unit,0.12,7,5,10000,150000,135324.67270920635,-54190.05879199994,190000.0,135809.94120800006,22800.0
2025-12-22,P02,RM006,195214.46904,Label,unit,0.12,7,5,10000,150000,135324.67270920635,-59404.527831999934,200000.0,140595.47216800007,24000.0
2025-12-29,P02,RM006,115868.100576,Label,unit,0.12,7,5,10000,150000,135324.67270920635,24727.37159200007,120000.0,144727.37159200007,14400.0
2025-06-30,P02,RM007,10225.89383,Carton,unit,8.5,7,5,500,6000,7475.270404814815,-4225.893830000001,12000.0,7774.106169999999,102000.0
2025-07-07,P02,RM007,11371.69045,Carton,unit,8.5,7,5,500,6000,7475.270404814815,-3597.584280000001,11500.0,7902.415719999999,97750.0
2025-07-14,P02,RM007,11425.371869999999,Carton,unit,8.5,7,5,500,6000,7475.270404814815,-3522.95615,11000.0,7477.04385,93500.0
2025-07-21,P02,RM007,11486.53493,Carton,unit,8.5,7,5,500,6000,7475.270404814815,-4009.49108,11500.0,7490.50892,97750.0
2025-07-28,P02,RM007,11091.35253,Carton,unit,8.5,7,5,500,6000,7475.270404814815,-3600.84361,11500.0,7899.15639,97750.0
2025-08-04,P02,RM007,10510.48427,Carton,unit,8.5,7,5,500,6000,7475.270404814815,-2611.3278800000007,10500.0,7888.672119999999,89250.0
2025-08-11,P02,RM007,10617.427239999999,Carton,unit,8.5,7,5,500,6000,7475.270404814815,-2728.75512,10500.0,7771.24488,89250.0
2025-08-18,P02,RM007,10491.037858,Carton,unit,8.5,7,5,500,6000,7475.270404814815,-2719.7929779999995,10500.0,7780.2070220000005,89250.0
2025-08-25,P02,RM007,10442.83403,Carton,unit,8.5,7,5,500,6000,7475.270404814815,-2662.6270079999995,10500.0,7837.3729920000005,89250.0
2025-09-01,P02,RM007,10369.07916,Carton,unit,8.5,7,5,500,6000,7475.270404814815,-2531.706167999999,10500.0,7968.293832000001,89250.0
2025-09-08,P02,RM007,10396.61789,Carton,unit,8.5,7,5,500,6000,7475.270404814815,-2428.3240579999983,10000.0,7571.675942000002,85000.0
2025-09-15,P02,RM007,10410.263570000001,Carton,unit,8.5,7,5,500,6000,7475.270404814815,-2838.5876279999993,10500.0,7661.412372000001,89250.0
2025-09-22,P02,RM007,10476.60829,Carton,unit,8.5,7,5,500,6000,7475.270404814815,-2815.1959179999994,10500.0,7684.804082000001,89250.0
2025-09-29,P02,RM007,10566.55323,Carton,unit,8.5,7,5,500,6000,7475.270404814815,-2881.749147999999,10500.0,7618.250852000001,89250.0
2025-10-06,P02,RM007,10396.49877,Carton,unit,8.5,7,5,500,6000,7475.270404814815,-2778.247917999999,10500.0,7721.752082000001,89250.0
2025-10-13,P02,RM007,10458.11366,Carton,unit,8.5,7,5,500,6000,7475.270404814815,-2736.361578,10500.0,7763.638422,89250.0
2025-10-20,P02,RM007,10624.4535,Carton,unit,8.5,7,5,500,6000,7475.270404814815,-2860.8150779999996,10500.0,7639.184922,89250.0
2025-10-27,P02,RM007,10539.07652,Carton,unit,8.5,7,5,500,6000,7475.270404814815,-2899.891598,10500.0,7600.108402,89250.0
2025-11-03,P02,RM007,10451.41063,Carton,unit,8.5,7,5,500,6000,7475.270404814815,-2851.3022280000005,10500.0,7648.6977719999995,89250.0
2025-11-10,P02,RM007,10502.41947,Carton,unit,8.5,7,5,500,6000,7475.270404814815,-2853.721698000001,10500.0,7646.278301999999,89250.0
2025-11-17,P02,RM007,10561.88539,Carton,unit,8.5,7,5,500,6000,7475.270404814815,-2915.6070880000007,10500.0,7584.392911999999,89250.0
2025-11-24,P02,RM007,10470.84269,Carton,unit,8.5,7,5,500,6000,7475.270404814815,-2886.449778,10500.0,7613.550222,89250.0
2025-12-01,P02,RM007,10466.99948,Carton,unit,8.5,7,5,500,6000,7475.270404814815,-2853.4492580000006,10500.0,7646.550741999999,89250.0
2025-12-08,P02,RM007,10581.09063,Carton,unit,8.5,7,5,500,6000,7475.270404814815,-2934.539888000001,10500.0,7565.460111999999,89250.0
2025-12-15,P02,RM007,10474.49375,Carton,unit,8.5,7,5,500,6000,7475.270404814815,-2909.033638000001,10500.0,7590.966361999999,89250.0
2025-12-22,P02,RM007,10761.73212,Carton,unit,8.5,7,5,500,6000,7475.270404814815,-3170.7657580000014,11000.0,7829.234241999999,93500.0
2025-12-29,P02,RM007,6394.455544,Carton,unit,8.5,7,5,500,6000,7475.270404814815,1434.7786979999983,6500.0,7934.778697999998,55250.0
2025-06-30,P02,RM008,1082.5428796,Shrink Film,kg,2.2,7,5,100,700,791.9270174851852,-382.5428796000001,1200.0,817.4571203999999,2640.0
2025-07-07,P02,RM008,1205.5124714,Shrink Film,kg,2.2,7,5,100,700,791.9270174851852,-388.0553510000002,1200.0,811.9446489999998,2640.0
2025-07-14,P02,RM008,1211.4338192,Shrink Film,kg,2.2,7,5,100,700,791.9270174851852,-399.4891702000002,1200.0,800.5108297999998,2640.0
2025-07-21,P02,RM008,1218.648242,Shrink Film,kg,2.2,7,5,100,700,791.9270174851852,-418.1374122000002,1300.0,881.8625877999998,2860.0000000000005
2025-07-28,P02,RM008,1175.8137288,Shrink Film,kg,2.2,7,5,100,700,791.9270174851852,-293.95114100000023,1100.0,806.0488589999998,2420.0
2025-08-04,P02,RM008,1114.7740266,Shrink Film,kg,2.2,7,5,100,700,791.9270174851852,-308.7251676000003,1200.0,891.2748323999997,2640.0
2025-08-11,P02,RM008,1125.0511946,Shrink Film,kg,2.2,7,5,100,700,791.9270174851852,-233.77636220000022,1100.0,866.2236377999998,2420.0
2025-08-18,P02,RM008,1111.8104418,Shrink Film,kg,2.2,7,5,100,700,791.9270174851852,-245.58680400000026,1100.0,854.4131959999997,2420.0
2025-08-25,P02,RM008,1106.5575204,Shrink Film,kg,2.2,7,5,100,700,791.9270174851852,-252.1443244000002,1100.0,847.8556755999998,2420.0
2025-09-01,P02,RM008,1098.2993688,Shrink Film,kg,2.2,7,5,100,700,791.9270174851852,-250.4436932000001,1100.0,849.5563067999999,2420.0
2025-09-08,P02,RM008,1100.8723686,Shrink Film,kg,2.2,7,5,100,700,791.9270174851852,-251.31606180000017,1100.0,848.6839381999998,2420.0
2025-09-15,P02,RM008,1102.2353984000001,Shrink Film,kg,2.2,7,5,100,700,791.9270174851852,-253.5514602000003,1100.0,846.4485397999997,2420.0
2025-09-22,P02,RM008,1110.0135566,Shrink Film,kg,2.2,7,5,100,700,791.9270174851852,-263.5650168000002,1100.0,836.4349831999998,2420.0
2025-09-29,P02,RM008,1118.265032,Shrink Film,kg,2.2,7,5,100,700,791.9270174851852,-281.8300488000002,1100.0,818.1699511999998,2420.0
2025-10-06,P02,RM008,1101.6507119999999,Shrink Film,kg,2.2,7,5,100,700,791.9270174851852,-283.4807608000001,1100.0,816.5192391999999,2420.0
2025-10-13,P02,RM008,1107.9338008,Shrink Film,kg,2.2,7,5,100,700,791.9270174851852,-291.41456160000007,1100.0,808.5854383999999,2420.0
2025-10-20,P02,RM008,1123.6918122,Shrink Film,kg,2.2,7,5,100,700,791.9270174851852,-315.10637380000003,1200.0,884.8936262,2640.0
2025-10-27,P02,RM008,1115.3412202,Shrink Film,kg,2.2,7,5,100,700,791.9270174851852,-230.44759399999998,1100.0,869.552406,2420.0
2025-11-03,P02,RM008,1106.2460156,Shrink Film,kg,2.2,7,5,100,700,791.9270174851852,-236.69360959999995,1100.0,863.3063904,2420.0
2025-11-10,P02,RM008,1112.1952268,Shrink Film,kg,2.2,7,5,100,700,791.9270174851852,-248.88883639999995,1100.0,851.1111636,2420.0
2025-11-17,P02,RM008,1118.4857156,Shrink Film,kg,2.2,7,5,100,700,791.9270174851852,-267.374552,1100.0,832.625448,2420.0
2025-11-24,P02,RM008,1110.0828352,Shrink Film,kg,2.2,7,5,100,700,791.9270174851852,-277.4573872000001,1100.0,822.5426127999999,2420.0
2025-12-01,P02,RM008,1109.179693,Shrink Film,kg,2.2,7,5,100,700,791.9270174851852,-286.6370802000001,1100.0,813.3629197999999,2420.0
2025-12-08,P02,RM008,1122.5274984,Shrink Film,kg,2.2,7,5,100,700,791.9270174851852,-309.16457860000014,1200.0,890.8354213999999,2640.0
2025-12-15,P02,RM008,1109.0481922,Shrink Film,kg,2.2,7,5,100,700,791.9270174851852,-218.21277080000004,1100.0,881.7872292,2420.0
2025-12-22,P02,RM008,1139.5620648,Shrink Film,kg,2.2,7,5,100,700,791.9270174851852,-257.77483559999996,1100.0,842.2251644,2420.0
2025-12-29,P02,RM008,677.06642534,Shrink Film,kg,2.2,7,5,100,700,791.9270174851852,165.15873906000002,700.0,865.15873906,1540.0000000000002
2025-06-30,P03,RM001,7872.875406,Sugar,kg,0.65,7,5,500,16000,5729.276398079365,8127.124594,0.0,8127.124594,0.0
2025-07-07,P03,RM001,8779.487718,Sugar,kg,0.65,7,5,500,16000,5729.276398079365,-652.3631240000004,6500.0,5847.636876,4225.0
2025-07-14,P03,RM001,8941.089459,Sugar,kg,0.65,7,5,500,16000,5729.276398079365,-3093.452583000001,9000.0,5906.547416999999,5850.0
2025-07-21,P03,RM001,8775.294552,Sugar,kg,0.65,7,5,500,16000,5729.276398079365,-2868.7471350000005,9000.0,6131.2528649999995,5850.0
2025-07-28,P03,RM001,8451.022058999999,Sugar,kg,0.65,7,5,500,16000,5729.276398079365,-2319.7691939999995,8500.0,6180.2308060000005,5525.0
2025-08-04,P03,RM001,8042.268978,Sugar,kg,0.65,7,5,500,16000,5729.276398079365,-1862.0381719999996,8000.0,6137.961828,5200.0
2025-08-11,P03,RM001,8404.087494,Sugar,kg,0.65,7,5,500,16000,5729.276398079365,-2266.125665999999,8000.0,5733.874334000001,5200.0
2025-08-18,P03,RM001,7965.5004690000005,Sugar,kg,0.65,7,5,500,16000,5729.276398079365,-2231.6261349999995,8000.0,5768.3738650000005,5200.0
2025-08-25,P03,RM001,7838.05146,Sugar,kg,0.65,7,5,500,16000,5729.276398079365,-2069.677594999999,8000.0,5930.322405000001,5200.0
2025-09-01,P03,RM001,7843.245102,Sugar,kg,0.65,7,5,500,16000,5729.276398079365,-1912.922696999999,8000.0,6087.077303000001,5200.0
2025-09-08,P03,RM001,7747.9003379999995,Sugar,kg,0.65,7,5,500,16000,5729.276398079365,-1660.8230349999985,7500.0,5839.1769650000015,4875.0
2025-09-15,P03,RM001,7959.889287,Sugar,kg,0.65,7,5,500,16000,5729.276398079365,-2120.7123219999985,8000.0,5879.2876780000015,5200.0
2025-09-22,P03,RM001,7949.074194,Sugar,kg,0.65,7,5,500,16000,5729.276398079365,-2069.7865159999983,8000.0,5930.213484000002,5200.0
2025-09-29,P03,RM001,8074.34748,Sugar,kg,0.65,7,5,500,16000,5729.276398079365,-2144.1339959999987,8000.0,5855.866004000001,5200.0
2025-10-06,P03,RM001,7931.923677000001,Sugar,kg,0.65,7,5,500,16000,5729.276398079365,-2076.0576729999993,8000.0,5923.942327000001,5200.0
2025-10-13,P03,RM001,7920.512784,Sugar,kg,0.65,7,5,500,16000,5729.276398079365,-1996.570456999999,8000.0,6003.429543000001,5200.0
2025-10-20,P03,RM001,8240.677509000001,Sugar,kg,0.65,7,5,500,16000,5729.276398079365,-2237.247966,8000.0,5762.752034,5200.0
2025-10-27,P03,RM001,8023.491021,Sugar,kg,0.65,7,5,500,16000,5729.276398079365,-2260.7389869999997,8000.0,5739.261013,5200.0
2025-11-03,P03,RM001,8152.038033,Sugar,kg,0.65,7,5,500,16000,5729.276398079365,-2412.7770199999995,8500.0,6087.2229800000005,5525.0
2025-11-10,P03,RM001,8141.687529,Sugar,kg,0.65,7,5,500,16000,5729.276398079365,-2054.4645489999994,8000.0,5945.535451000001,5200.0
2025-11-17,P03,RM001,8053.42005,Sugar,kg,0.65,7,5,500,16000,5729.276398079365,-2107.884598999999,8000.0,5892.115401000001,5200.0
2025-11-24,P03,RM001,8171.941872,Sugar,kg,0.65,7,5,500,16000,5729.276398079365,-2279.8264709999994,8500.0,6220.173529000001,5525.0
2025-12-01,P03,RM001,8101.857882,Sugar,kg,0.65,7,5,500,16000,5729.276398079365,-1881.6843529999996,8000.0,6118.315647,5200.0
2025-12-08,P03,RM001,8219.09463,Sugar,kg,0.65,7,5,500,16000,5729.276398079365,-2100.7789829999992,8000.0,5899.221017000001,5200.0
2025-12-15,P03,RM001,7972.628495999999,Sugar,kg,0.65,7,5,500,16000,5729.276398079365,-2073.4074789999986,8000.0,5926.592521000001,5200.0
2025-12-22,P03,RM001,8268.351033,Sugar,kg,0.65,7,5,500,16000,5729.276398079365,-2341.7585119999994,8500.0,6158.241488000001,5525.0
2025-12-29,P03,RM001,4724.8893354,Sugar,kg,0.65,7,5,500,16000,5729.276398079365,1433.3521526000004,4500.0,5933.3521526,2925.0
2025-06-30,P03,RM002,1576.2510532,Beverage Concentrate,kg,4.5,14,7,100,3000,1605.8015028814814,1423.7489468,200.0,1623.7489468,900.0
2025-07-07,P03,RM002,1757.0670526,Beverage Concentrate,kg,4.5,14,7,100,3000,1605.8015028814814,-133.31810579999978,1800.0,1666.6818942000002,8100.0
2025-07-14,P03,RM002,1789.9394031999998,Beverage Concentrate,kg,4.5,14,7,100,3000,1605.8015028814814,-123.25750899999957,1800.0,1676.7424910000004,8100.0
2025-07-21,P03,RM002,1759.4180084999998,Beverage Concentrate,kg,4.5,14,7,100,3000,1605.8015028814814,-82.67551749999939,1700.0,1617.3244825000006,7650.0
2025-07-28,P03,RM002,1692.6630022,Beverage Concentrate,kg,4.5,14,7,100,3000,1605.8015028814814,-75.33851969999932,1700.0,1624.6614803000007,7650.0
2025-08-04,P03,RM002,1609.7138656,Beverage Concentrate,kg,4.5,14,7,100,3000,1605.8015028814814,14.947614700000713,1600.0,1614.9476147000007,7200.0
2025-08-11,P03,RM002,1683.0092462,Beverage Concentrate,kg,4.5,14,7,100,3000,1605.8015028814814,-68.0616314999993,1700.0,1631.9383685000007,7650.0
2025-08-18,P03,RM002,1594.4184510999999,Beverage Concentrate,kg,4.5,14,7,100,3000,1605.8015028814814,37.51991740000085,1600.0,1637.5199174000008,7200.0
2025-08-25,P03,RM002,1570.0278088999999,Beverage Concentrate,kg,4.5,14,7,100,3000,1605.8015028814814,67.492108500001,1600.0,1667.492108500001,7200.0
2025-09-01,P03,RM002,1571.0490528,Beverage Concentrate,kg,4.5,14,7,100,3000,1605.8015028814814,96.44305570000097,1600.0,1696.443055700001,7200.0
2025-09-08,P03,RM002,1551.4405281,Beverage Concentrate,kg,4.5,14,7,100,3000,1605.8015028814814,145.00252760000103,1500.0,1645.002527600001,6750.0
2025-09-15,P03,RM002,1592.6817411,Beverage Concentrate,kg,4.5,14,7,100,3000,1605.8015028814814,52.32078650000108,1600.0,1652.320786500001,7200.0
2025-09-22,P03,RM002,1591.2967551,Beverage Concentrate,kg,4.5,14,7,100,3000,1605.8015028814814,61.02403140000115,1600.0,1661.0240314000011,7200.0
2025-09-29,P03,RM002,1617.090808,Beverage Concentrate,kg,4.5,14,7,100,3000,1605.8015028814814,43.933223400001225,1600.0,1643.9332234000012,7200.0
2025-10-06,P03,RM002,1587.7340861999999,Beverage Concentrate,kg,4.5,14,7,100,3000,1605.8015028814814,56.19913720000136,1600.0,1656.1991372000014,7200.0
2025-10-13,P03,RM002,1585.8402689,Beverage Concentrate,kg,4.5,14,7,100,3000,1605.8015028814814,70.3588683000014,1600.0,1670.3588683000014,7200.0
2025-10-20,P03,RM002,1648.6728545,Beverage Concentrate,kg,4.5,14,7,100,3000,1605.8015028814814,21.68601380000132,1600.0,1621.6860138000013,7200.0
2025-10-27,P03,RM002,1605.7550095000001,Beverage Concentrate,kg,4.5,14,7,100,3000,1605.8015028814814,15.931004300001177,1600.0,1615.9310043000012,7200.0
2025-11-03,P03,RM002,1630.4123481,Beverage Concentrate,kg,4.5,14,7,100,3000,1605.8015028814814,-14.48134379999874,1700.0,1685.5186562000013,7650.0
2025-11-10,P03,RM002,1628.9231622999998,Beverage Concentrate,kg,4.5,14,7,100,3000,1605.8015028814814,56.59549390000143,1600.0,1656.5954939000014,7200.0
2025-11-17,P03,RM002,1611.811714,Beverage Concentrate,kg,4.5,14,7,100,3000,1605.8015028814814,44.78377990000149,1600.0,1644.7837799000015,7200.0
2025-11-24,P03,RM002,1636.1033043999998,Beverage Concentrate,kg,4.5,14,7,100,3000,1605.8015028814814,8.680475500001648,1600.0,1608.6804755000016,7200.0
2025-12-01,P03,RM002,1621.294721,Beverage Concentrate,kg,4.5,14,7,100,3000,1605.8015028814814,-12.614245499998333,1700.0,1687.3857545000017,7650.0
2025-12-08,P03,RM002,1644.8253300000001,Beverage Concentrate,kg,4.5,14,7,100,3000,1605.8015028814814,42.560424500001545,1600.0,1642.5604245000015,7200.0
2025-12-15,P03,RM002,1597.7788084,Beverage Concentrate,kg,4.5,14,7,100,3000,1605.8015028814814,44.781616100001656,1600.0,1644.7816161000017,7200.0
2025-12-22,P03,RM002,1655.6424367999998,Beverage Concentrate,kg,4.5,14,7,100,3000,1605.8015028814814,-10.860820699998158,1700.0,1689.1391793000018,7650.0
2025-12-29,P03,RM002,945.7797571,Beverage Concentrate,kg,4.5,14,7,100,3000,1605.8015028814814,743.3594222000019,900.0,1643.359422200002,4050.0
2025-06-30,P03,RM003,70.8127265,CO2,kg,1.8,5,3,100,160,30.9168244836508,89.1872735,0.0,89.1872735,0.0
2025-07-07,P03,RM003,78.8929947,CO2,kg,1.8,5,3,100,160,30.9168244836508,10.2942788,100.0,110.2942788,180.0
2025-07-14,P03,RM003,80.43991985,CO2,kg,1.8,5,3,100,160,30.9168244836508,29.854358950000005,100.0,129.85435895,180.0
2025-07-21,P03,RM003,78.8469766,CO2,kg,1.8,5,3,100,160,30.9168244836508,51.00738235,0.0,51.00738235,0.0
2025-07-28,P03,RM003,76.09462295,CO2,kg,1.8,5,3,100,160,30.9168244836508,-25.0872406,100.0,74.9127594,180.0
2025-08-04,P03,RM003,72.39883209999999,CO2,kg,1.8,5,3,100,160,30.9168244836508,2.513927300000006,100.0,102.5139273,180.0
2025-08-11,P03,RM003,75.4594431,CO2,kg,1.8,5,3,100,160,30.9168244836508,27.054484200000005,100.0,127.0544842,180.0
2025-08-18,P03,RM003,71.63281305,CO2,kg,1.8,5,3,100,160,30.9168244836508,55.42167115000001,0.0,55.42167115000001,0.0
2025-08-25,P03,RM003,70.4620081,CO2,kg,1.8,5,3,100,160,30.9168244836508,-15.040336949999997,100.0,84.95966305,180.0
2025-09-01,P03,RM003,70.491934,CO2,kg,1.8,5,3,100,160,30.9168244836508,14.467729050000003,100.0,114.46772905,180.0
2025-09-08,P03,RM003,69.6583109,CO2,kg,1.8,5,3,100,160,30.9168244836508,44.80941815,0.0,44.80941815,0.0
2025-09-15,P03,RM003,71.48033705,CO2,kg,1.8,5,3,100,160,30.9168244836508,-26.670918900000004,100.0,73.3290811,180.0
2025-09-22,P03,RM003,71.415831,CO2,kg,1.8,5,3,100,160,30.9168244836508,1.913250099999999,100.0,101.9132501,180.0
2025-09-29,P03,RM003,72.5606484,CO2,kg,1.8,5,3,100,160,30.9168244836508,29.352601699999994,100.0,129.35260169999998,180.0
2025-10-06,P03,RM003,71.37412375,CO2,kg,1.8,5,3,100,160,30.9168244836508,57.978477949999984,0.0,57.978477949999984,0.0
2025-10-13,P03,RM003,71.3279234,CO2,kg,1.8,5,3,100,160,30.9168244836508,-13.349445450000019,100.0,86.65055454999998,180.0
2025-10-20,P03,RM003,74.18615975,CO2,kg,1.8,5,3,100,160,30.9168244836508,12.46439479999998,100.0,112.46439479999998,180.0
2025-10-27,P03,RM003,72.25972505,CO2,kg,1.8,5,3,100,160,30.9168244836508,40.20466974999998,0.0,40.20466974999998,0.0
2025-11-03,P03,RM003,73.33738885,CO2,kg,1.8,5,3,100,160,30.9168244836508,-33.13271910000002,100.0,66.86728089999998,180.0
2025-11-10,P03,RM003,73.15831175,CO2,kg,1.8,5,3,100,160,30.9168244836508,-6.291030850000013,100.0,93.70896914999999,180.0
2025-11-17,P03,RM003,72.4185993,CO2,kg,1.8,5,3,100,160,30.9168244836508,21.29036984999999,100.0,121.29036984999999,180.0
2025-11-24,P03,RM003,73.5835965,CO2,kg,1.8,5,3,100,160,30.9168244836508,47.70677334999999,0.0,47.70677334999999,0.0
2025-12-01,P03,RM003,72.9016398,CO2,kg,1.8,5,3,100,160,30.9168244836508,-25.194866450000006,100.0,74.80513355,180.0
2025-12-08,P03,RM003,73.9390802,CO2,kg,1.8,5,3,100,160,30.9168244836508,0.8660533499999872,100.0,100.86605334999999,180.0
2025-12-15,P03,RM003,71.7169765,CO2,kg,1.8,5,3,100,160,30.9168244836508,29.149076849999986,100.0,129.14907684999997,180.0
2025-12-22,P03,RM003,74.40835045,CO2,kg,1.8,5,3,100,160,30.9168244836508,54.74072639999997,0.0,54.74072639999997,0.0
2025-12-29,P03,RM003,42.50066887,CO2,kg,1.8,5,3,100,160,30.9168244836508,12.240057529999973,100.0,112.24005752999997,180.0
2025-06-30,P03,RM004,52897.51776,PET Bottle,unit,2.1,10,5,5000,100000,38741.75602666667,47102.48224,0.0,47102.48224,0.0
2025-07-07,P03,RM004,59586.48612,PET Bottle,unit,2.1,10,5,5000,100000,38741.75602666667,-12484.003880000004,55000.0,42515.996119999996,115500.0
2025-07-14,P03,RM004,60601.786080000005,PET Bottle,unit,2.1,10,5,5000,100000,38741.75602666667,-18085.78996000001,60000.0,41914.21003999999,126000.0
2025-07-21,P03,RM004,59526.51408,PET Bottle,unit,2.1,10,5,5000,100000,38741.75602666667,-17612.30404000001,60000.0,42387.69595999999,126000.0
2025-07-28,P03,RM004,57817.55844,PET Bottle,unit,2.1,10,5,5000,100000,38741.75602666667,-15429.86248000001,55000.0,39570.13751999999,115500.0
2025-08-04,P03,RM004,54935.7258,PET Bottle,unit,2.1,10,5,5000,100000,38741.75602666667,-15365.58828000001,55000.0,39634.41171999999,115500.0
2025-08-11,P03,RM004,55726.06884,PET Bottle,unit,2.1,10,5,5000,100000,38741.75602666667,-16091.65712000001,55000.0,38908.34287999999,115500.0
2025-08-18,P03,RM004,53628.226200000005,PET Bottle,unit,2.1,10,5,5000,100000,38741.75602666667,-14719.883320000015,55000.0,40280.116679999985,115500.0
2025-08-25,P03,RM004,52928.19396,PET Bottle,unit,2.1,10,5,5000,100000,38741.75602666667,-12648.077280000012,55000.0,42351.92271999999,115500.0
2025-09-01,P03,RM004,53541.14856,PET Bottle,unit,2.1,10,5,5000,100000,38741.75602666667,-11189.225840000014,50000.0,38810.774159999986,105000.0
2025-09-08,P03,RM004,52653.112680000006,PET Bottle,unit,2.1,10,5,5000,100000,38741.75602666667,-13842.33852000002,55000.0,41157.66147999998,115500.0
2025-09-15,P03,RM004,53473.62084,PET Bottle,unit,2.1,10,5,5000,100000,38741.75602666667,-12315.959360000023,55000.0,42684.04063999998,115500.0
2025-09-22,P03,RM004,53324.699160000004,PET Bottle,unit,2.1,10,5,5000,100000,38741.75602666667,-10640.658520000026,50000.0,39359.341479999974,105000.0
2025-09-29,P03,RM004,54241.7868,PET Bottle,unit,2.1,10,5,5000,100000,38741.75602666667,-14882.445320000028,55000.0,40117.55467999997,115500.0
2025-10-06,P03,RM004,53603.24328,PET Bottle,unit,2.1,10,5,5000,100000,38741.75602666667,-13485.68860000003,55000.0,41514.31139999997,115500.0
2025-10-13,P03,RM004,54174.891359999994,PET Bottle,unit,2.1,10,5,5000,100000,38741.75602666667,-12660.579960000025,55000.0,42339.420039999975,115500.0
2025-10-20,P03,RM004,55827.52308,PET Bottle,unit,2.1,10,5,5000,100000,38741.75602666667,-13488.103040000024,55000.0,41511.89695999998,115500.0
2025-10-27,P03,RM004,54449.4882,PET Bottle,unit,2.1,10,5,5000,100000,38741.75602666667,-12937.591240000023,55000.0,42062.40875999998,115500.0
2025-11-03,P03,RM004,55093.24068,PET Bottle,unit,2.1,10,5,5000,100000,38741.75602666667,-13030.831920000026,55000.0,41969.168079999974,115500.0
2025-11-10,P03,RM004,54454.26648,PET Bottle,unit,2.1,10,5,5000,100000,38741.75602666667,-12485.098400000024,55000.0,42514.901599999976,115500.0
2025-11-17,P03,RM004,54149.09424,PET Bottle,unit,2.1,10,5,5000,100000,38741.75602666667,-11634.192640000023,55000.0,43365.80735999998,115500.0
2025-11-24,P03,RM004,55566.74544,PET Bottle,unit,2.1,10,5,5000,100000,38741.75602666667,-12200.938080000022,55000.0,42799.06191999998,115500.0
2025-12-01,P03,RM004,54653.35776,PET Bottle,unit,2.1,10,5,5000,100000,38741.75602666667,-11854.29584000002,55000.0,43145.70415999998,115500.0
2025-12-08,P03,RM004,55472.972519999996,PET Bottle,unit,2.1,10,5,5000,100000,38741.75602666667,-12327.268360000016,55000.0,42672.73163999998,115500.0
2025-12-15,P03,RM004,54316.77684,PET Bottle,unit,2.1,10,5,5000,100000,38741.75602666667,-11644.045200000015,55000.0,43355.954799999985,115500.0
2025-12-22,P03,RM004,55906.01724,PET Bottle,unit,2.1,10,5,5000,100000,38741.75602666667,-12550.062440000016,55000.0,42449.937559999984,115500.0
2025-12-29,P03,RM004,31888.315368,PET Bottle,unit,2.1,10,5,5000,100000,38741.75602666667,10561.622191999984,30000.0,40561.62219199998,63000.0
2025-06-30,P03,RM005,52897.51776,Cap,unit,0.35,10,5,5000,100000,38741.75602666667,47102.48224,0.0,47102.48224,0.0
2025-07-07,P03,RM005,59586.48612,Cap,unit,0.35,10,5,5000,100000,38741.75602666667,-12484.003880000004,55000.0,42515.996119999996,19250.0
2025-07-14,P03,RM005,60601.786080000005,Cap,unit,0.35,10,5,5000,100000,38741.75602666667,-18085.78996000001,60000.0,41914.21003999999,21000.0
2025-07-21,P03,RM005,59526.51408,Cap,unit,0.35,10,5,5000,100000,38741.75602666667,-17612.30404000001,60000.0,42387.69595999999,21000.0
2025-07-28,P03,RM005,57817.55844,Cap,unit,0.35,10,5,5000,100000,38741.75602666667,-15429.86248000001,55000.0,39570.13751999999,19250.0
2025-08-04,P03,RM005,54935.7258,Cap,unit,0.35,10,5,5000,100000,38741.75602666667,-15365.58828000001,55000.0,39634.41171999999,19250.0
2025-08-11,P03,RM005,55726.06884,Cap,unit,0.35,10,5,5000,100000,38741.75602666667,-16091.65712000001,55000.0,38908.34287999999,19250.0
2025-08-18,P03,RM005,53628.226200000005,Cap,unit,0.35,10,5,5000,100000,38741.75602666667,-14719.883320000015,55000.0,40280.116679999985,19250.0
2025-08-25,P03,RM005,52928.19396,Cap,unit,0.35,10,5,5000,100000,38741.75602666667,-12648.077280000012,55000.0,42351.92271999999,19250.0
2025-09-01,P03,RM005,53541.14856,Cap,unit,0.35,10,5,5000,100000,38741.75602666667,-11189.225840000014,50000.0,38810.774159999986,17500.0
2025-09-08,P03,RM005,52653.112680000006,Cap,unit,0.35,10,5,5000,100000,38741.75602666667,-13842.33852000002,55000.0,41157.66147999998,19250.0
2025-09-15,P03,RM005,53473.62084,Cap,unit,0.35,10,5,5000,100000,38741.75602666667,-12315.959360000023,55000.0,42684.04063999998,19250.0
2025-09-22,P03,RM005,53324.699160000004,Cap,unit,0.35,10,5,5000,100000,38741.75602666667,-10640.658520000026,50000.0,39359.341479999974,17500.0
2025-09-29,P03,RM005,54241.7868,Cap,unit,0.35,10,5,5000,100000,38741.75602666667,-14882.445320000028,55000.0,40117.55467999997,19250.0
2025-10-06,P03,RM005,53603.24328,Cap,unit,0.35,10,5,5000,100000,38741.75602666667,-13485.68860000003,55000.0,41514.31139999997,19250.0
2025-10-13,P03,RM005,54174.891359999994,Cap,unit,0.35,10,5,5000,100000,38741.75602666667,-12660.579960000025,55000.0,42339.420039999975,19250.0
2025-10-20,P03,RM005,55827.52308,Cap,unit,0.35,10,5,5000,100000,38741.75602666667,-13488.103040000024,55000.0,41511.89695999998,19250.0
2025-10-27,P03,RM005,54449.4882,Cap,unit,0.35,10,5,5000,100000,38741.75602666667,-12937.591240000023,55000.0,42062.40875999998,19250.0
2025-11-03,P03,RM005,55093.24068,Cap,unit,0.35,10,5,5000,100000,38741.75602666667,-13030.831920000026,55000.0,41969.168079999974,19250.0
2025-11-10,P03,RM005,54454.26648,Cap,unit,0.35,10,5,5000,100000,38741.75602666667,-12485.098400000024,55000.0,42514.901599999976,19250.0
2025-11-17,P03,RM005,54149.09424,Cap,unit,0.35,10,5,5000,100000,38741.75602666667,-11634.192640000023,55000.0,43365.80735999998,19250.0
2025-11-24,P03,RM005,55566.74544,Cap,unit,0.35,10,5,5000,100000,38741.75602666667,-12200.938080000022,55000.0,42799.06191999998,19250.0
2025-12-01,P03,RM005,54653.35776,Cap,unit,0.35,10,5,5000,100000,38741.75602666667,-11854.29584000002,55000.0,43145.70415999998,19250.0
2025-12-08,P03,RM005,55472.972519999996,Cap,unit,0.35,10,5,5000,100000,38741.75602666667,-12327.268360000016,55000.0,42672.73163999998,19250.0
2025-12-15,P03,RM005,54316.77684,Cap,unit,0.35,10,5,5000,100000,38741.75602666667,-11644.045200000015,55000.0,43355.954799999985,19250.0
2025-12-22,P03,RM005,55906.01724,Cap,unit,0.35,10,5,5000,100000,38741.75602666667,-12550.062440000016,55000.0,42449.937559999984,19250.0
2025-12-29,P03,RM005,31888.315368,Cap,unit,0.35,10,5,5000,100000,38741.75602666667,10561.622191999984,30000.0,40561.62219199998,10500.0
2025-06-30,P03,RM006,52897.51776,Label,unit,0.12,7,5,10000,100000,38741.75602666667,47102.48224,0.0,47102.48224,0.0
2025-07-07,P03,RM006,59586.48612,Label,unit,0.12,7,5,10000,100000,38741.75602666667,-12484.003880000004,60000.0,47515.996119999996,7200.0
2025-07-14,P03,RM006,60601.786080000005,Label,unit,0.12,7,5,10000,100000,38741.75602666667,-13085.78996000001,60000.0,46914.21003999999,7200.0
2025-07-21,P03,RM006,59526.51408,Label,unit,0.12,7,5,10000,100000,38741.75602666667,-12612.30404000001,60000.0,47387.69595999999,7200.0
2025-07-28,P03,RM006,57817.55844,Label,unit,0.12,7,5,10000,100000,38741.75602666667,-10429.86248000001,50000.0,39570.13751999999,6000.0
2025-08-04,P03,RM006,54935.7258,Label,unit,0.12,7,5,10000,100000,38741.75602666667,-15365.58828000001,60000.0,44634.41171999999,7200.0
2025-08-11,P03,RM006,55726.06884,Label,unit,0.12,7,5,10000,100000,38741.75602666667,-11091.65712000001,50000.0,38908.34287999999,6000.0
2025-08-18,P03,RM006,53628.226200000005,Label,unit,0.12,7,5,10000,100000,38741.75602666667,-14719.883320000015,60000.0,45280.116679999985,7200.0
2025-08-25,P03,RM006,52928.19396,Label,unit,0.12,7,5,10000,100000,38741.75602666667,-7648.077280000012,50000.0,42351.92271999999,6000.0
2025-09-01,P03,RM006,53541.14856,Label,unit,0.12,7,5,10000,100000,38741.75602666667,-11189.225840000014,50000.0,38810.774159999986,6000.0
2025-09-08,P03,RM006,52653.112680000006,Label,unit,0.12,7,5,10000,100000,38741.75602666667,-13842.33852000002,60000.0,46157.66147999998,7200.0
2025-09-15,P03,RM006,53473.62084,Label,unit,0.12,7,5,10000,100000,38741.75602666667,-7315.959360000023,50000.0,42684.04063999998,6000.0
2025-09-22,P03,RM006,53324.699160000004,Label,unit,0.12,7,5,10000,100000,38741.75602666667,-10640.658520000026,50000.0,39359.341479999974,6000.0
2025-09-29,P03,RM006,54241.7868,Label,unit,0.12,7,5,10000,100000,38741.75602666667,-14882.445320000028,60000.0,45117.55467999997,7200.0
2025-10-06,P03,RM006,53603.24328,Label,unit,0.12,7,5,10000,100000,38741.75602666667,-8485.68860000003,50000.0,41514.31139999997,6000.0
2025-10-13,P03,RM006,54174.891359999994,Label,unit,0.12,7,5,10000,100000,38741.75602666667,-12660.579960000025,60000.0,47339.420039999975,7200.0
2025-10-20,P03,RM006,55827.52308,Label,unit,0.12,7,5,10000,100000,38741.75602666667,-8488.103040000024,50000.0,41511.89695999998,6000.0
2025-10-27,P03,RM006,54449.4882,Label,unit,0.12,7,5,10000,100000,38741.75602666667,-12937.591240000023,60000.0,47062.40875999998,7200.0
2025-11-03,P03,RM006,55093.24068,Label,unit,0.12,7,5,10000,100000,38741.75602666667,-8030.831920000026,50000.0,41969.168079999974,6000.0
2025-11-10,P03,RM006,54454.26648,Label,unit,0.12,7,5,10000,100000,38741.75602666667,-12485.098400000024,60000.0,47514.901599999976,7200.0
2025-11-17,P03,RM006,54149.09424,Label,unit,0.12,7,5,10000,100000,38741.75602666667,-6634.192640000023,50000.0,43365.80735999998,6000.0
2025-11-24,P03,RM006,55566.74544,Label,unit,0.12,7,5,10000,100000,38741.75602666667,-12200.938080000022,60000.0,47799.06191999998,7200.0
2025-12-01,P03,RM006,54653.35776,Label,unit,0.12,7,5,10000,100000,38741.75602666667,-6854.295840000021,50000.0,43145.70415999998,6000.0
2025-12-08,P03,RM006,55472.972519999996,Label,unit,0.12,7,5,10000,100000,38741.75602666667,-12327.268360000016,60000.0,47672.73163999998,7200.0
2025-12-15,P03,RM006,54316.77684,Label,unit,0.12,7,5,10000,100000,38741.75602666667,-6644.045200000015,50000.0,43355.954799999985,6000.0
2025-12-22,P03,RM006,55906.01724,Label,unit,0.12,7,5,10000,100000,38741.75602666667,-12550.062440000016,60000.0,47449.937559999984,7200.0
2025-12-29,P03,RM006,31888.315368,Label,unit,0.12,7,5,10000,100000,38741.75602666667,15561.622191999984,30000.0,45561.62219199998,3600.0
2025-06-30,P03,RM007,2913.9327,Carton,unit,8.5,7,5,500,4500,2139.538819100529,1586.0673000000002,1000.0,2586.0673,8500.0
2025-07-07,P03,RM007,3312.12259,Carton,unit,8.5,7,5,500,4500,2139.538819100529,-726.0552899999998,3000.0,2273.94471,25500.0
2025-07-14,P03,RM007,3350.67932,Carton,unit,8.5,7,5,500,4500,2139.538819100529,-1076.73461,3500.0,2423.26539,29750.0
2025-07-21,P03,RM007,3294.67891,Carton,unit,8.5,7,5,500,4500,2139.538819100529,-871.4135200000001,3500.0,2628.58648,29750.0
2025-07-28,P03,RM007,3185.95949,Carton,unit,8.5,7,5,500,4500,2139.538819100529,-557.3730100000002,3000.0,2442.6269899999998,25500.0
2025-08-04,P03,RM007,3033.50057,Carton,unit,8.5,7,5,500,4500,2139.538819100529,-590.8735800000004,3000.0,2409.1264199999996,25500.0
2025-08-11,P03,RM007,3081.7889800000003,Carton,unit,8.5,7,5,500,4500,2139.538819100529,-672.6625600000007,3000.0,2327.3374399999993,25500.0
2025-08-18,P03,RM007,2958.10739,Carton,unit,8.5,7,5,500,4500,2139.538819100529,-630.7699500000008,3000.0,2369.230049999999,25500.0
2025-08-25,P03,RM007,2920.33025,Carton,unit,8.5,7,5,500,4500,2139.538819100529,-551.1002000000008,3000.0,2448.8997999999992,25500.0
2025-09-01,P03,RM007,2971.16306,Carton,unit,8.5,7,5,500,4500,2139.538819100529,-522.2632600000006,3000.0,2477.7367399999994,25500.0
2025-09-08,P03,RM007,2918.39318,Carton,unit,8.5,7,5,500,4500,2139.538819100529,-440.65644000000066,3000.0,2559.3435599999993,25500.0
2025-09-15,P03,RM007,2972.66995,Carton,unit,8.5,7,5,500,4500,2139.538819100529,-413.32639000000063,3000.0,2586.6736099999994,25500.0
2025-09-22,P03,RM007,2949.1143899999997,Carton,unit,8.5,7,5,500,4500,2139.538819100529,-362.44078000000036,3000.0,2637.5592199999996,25500.0
2025-09-29,P03,RM007,2996.5477,Carton,unit,8.5,7,5,500,4500,2139.538819100529,-358.98848000000044,2500.0,2141.0115199999996,21250.0
2025-10-06,P03,RM007,2950.95924,Carton,unit,8.5,7,5,500,4500,2139.538819100529,-809.9477200000006,3000.0,2190.0522799999994,25500.0
2025-10-13,P03,RM007,2986.57982,Carton,unit,8.5,7,5,500,4500,2139.538819100529,-796.5275400000005,3000.0,2203.4724599999995,25500.0
2025-10-20,P03,RM007,3080.71295,Carton,unit,8.5,7,5,500,4500,2139.538819100529,-877.2404900000006,3500.0,2622.7595099999994,29750.0
2025-10-27,P03,RM007,2989.22213,Carton,unit,8.5,7,5,500,4500,2139.538819100529,-366.4626200000007,3000.0,2633.5373799999993,25500.0
2025-11-03,P03,RM007,3048.00103,Carton,unit,8.5,7,5,500,4500,2139.538819100529,-414.4636500000006,3000.0,2585.5363499999994,25500.0
2025-11-10,P03,RM007,3011.0057500000003,Carton,unit,8.5,7,5,500,4500,2139.538819100529,-425.46940000000086,3000.0,2574.530599999999,25500.0
2025-11-17,P03,RM007,2989.64602,Carton,unit,8.5,7,5,500,4500,2139.538819100529,-415.115420000001,3000.0,2584.884579999999,25500.0
2025-11-24,P03,RM007,3059.65399,Carton,unit,8.5,7,5,500,4500,2139.538819100529,-474.7694100000008,3000.0,2525.230589999999,25500.0
2025-12-01,P03,RM007,3008.51665,Carton,unit,8.5,7,5,500,4500,2139.538819100529,-483.2860600000008,3000.0,2516.713939999999,25500.0
2025-12-08,P03,RM007,3064.01953,Carton,unit,8.5,7,5,500,4500,2139.538819100529,-547.3055900000008,3000.0,2452.694409999999,25500.0
2025-12-15,P03,RM007,2992.76263,Carton,unit,8.5,7,5,500,4500,2139.538819100529,-540.068220000001,3000.0,2459.931779999999,25500.0
2025-12-22,P03,RM007,3075.7623000000003,Carton,unit,8.5,7,5,500,4500,2139.538819100529,-615.8305200000013,3000.0,2384.1694799999987,25500.0
2025-12-29,P03,RM007,1758.736842,Carton,unit,8.5,7,5,500,4500,2139.538819100529,625.4326379999986,2000.0,2625.4326379999984,17000.0
2025-06-30,P03,RM008,308.57043339999996,Shrink Film,kg,2.2,7,5,100,500,226.72776380317458,191.42956660000004,100.0,291.42956660000004,220.00000000000003
2025-07-07,P03,RM008,351.79210479999995,Shrink Film,kg,2.2,7,5,100,500,226.72776380317458,-60.362538199999904,300.0,239.6374618000001,660.0
2025-07-14,P03,RM008,355.2882778,Shrink Film,kg,2.2,7,5,100,500,226.72776380317458,-115.6508159999999,400.0,284.3491840000001,880.0000000000001
2025-07-21,P03,RM008,349.2584646,Shrink Film,kg,2.2,7,5,100,500,226.72776380317458,-64.90928059999993,300.0,235.09071940000007,660.0
2025-07-28,P03,RM008,337.2717084,Shrink Film,kg,2.2,7,5,100,500,226.72776380317458,-102.18098899999995,400.0,297.81901100000005,880.0000000000001
2025-08-04,P03,RM008,321.379766,Shrink Film,kg,2.2,7,5,100,500,226.72776380317458,-23.560754999999972,300.0,276.439245,660.0
2025-08-11,P03,RM008,326.8248768,Shrink Film,kg,2.2,7,5,100,500,226.72776380317458,-50.3856318,300.0,249.6143682,660.0
2025-08-18,P03,RM008,313.3249904,Shrink Film,kg,2.2,7,5,100,500,226.72776380317458,-63.71062219999999,300.0,236.2893778,660.0
2025-08-25,P03,RM008,309.212841,Shrink Film,kg,2.2,7,5,100,500,226.72776380317458,-72.92346320000001,300.0,227.07653679999999,660.0
2025-09-01,P03,RM008,315.2372654,Shrink Film,kg,2.2,7,5,100,500,226.72776380317458,-88.16072860000003,400.0,311.8392714,880.0000000000001
2025-09-08,P03,RM008,309.6474978,Shrink Film,kg,2.2,7,5,100,500,226.72776380317458,2.1917735999999763,300.0,302.1917736,660.0
2025-09-15,P03,RM008,315.8023146,Shrink Film,kg,2.2,7,5,100,500,226.72776380317458,-13.610541000000012,300.0,286.389459,660.0
2025-09-22,P03,RM008,312.6874642,Shrink Film,kg,2.2,7,5,100,500,226.72776380317458,-26.298005200000034,300.0,273.70199479999997,660.0
2025-09-29,P03,RM008,317.6075792,Shrink Film,kg,2.2,7,5,100,500,226.72776380317458,-43.90558440000001,300.0,256.0944156,660.0
2025-10-06,P03,RM008,312.4115802,Shrink Film,kg,2.2,7,5,100,500,226.72776380317458,-56.31716460000001,300.0,243.6828354,660.0
2025-10-13,P03,RM008,316.3507068,Shrink Film,kg,2.2,7,5,100,500,226.72776380317458,-72.66787140000002,300.0,227.33212859999998,660.0
2025-10-20,P03,RM008,326.6875894,Shrink Film,kg,2.2,7,5,100,500,226.72776380317458,-99.3554608,400.0,300.6445392,880.0000000000001
2025-10-27,P03,RM008,316.004202,Shrink Film,kg,2.2,7,5,100,500,226.72776380317458,-15.359662800000024,300.0,284.6403372,660.0
2025-11-03,P03,RM008,323.4026944,Shrink Film,kg,2.2,7,5,100,500,226.72776380317458,-38.7623572,300.0,261.2376428,660.0
2025-11-10,P03,RM008,319.1937754,Shrink Film,kg,2.2,7,5,100,500,226.72776380317458,-57.95613259999999,300.0,242.0438674,660.0
2025-11-17,P03,RM008,316.8809288,Shrink Film,kg,2.2,7,5,100,500,226.72776380317458,-74.83706139999998,400.0,325.1629386,880.0000000000001
2025-11-24,P03,RM008,323.9515904,Shrink Film,kg,2.2,7,5,100,500,226.72776380317458,1.2113482000000317,300.0,301.21134820000003,660.0
2025-12-01,P03,RM008,318.387961,Shrink Film,kg,2.2,7,5,100,500,226.72776380317458,-17.176612799999987,300.0,282.8233872,660.0
2025-12-08,P03,RM008,324.7337264,Shrink Film,kg,2.2,7,5,100,500,226.72776380317458,-41.91033920000001,300.0,258.0896608,660.0
2025-12-15,P03,RM008,316.6452954,Shrink Film,kg,2.2,7,5,100,500,226.72776380317458,-58.55563460000002,300.0,241.44436539999998,660.0
2025-12-22,P03,RM008,325.44759799999997,Shrink Film,kg,2.2,7,5,100,500,226.72776380317458,-84.00323259999999,400.0,315.9967674,880.0000000000001
2025-12-29,P03,RM008,186.30623916,Shrink Film,kg,2.2,7,5,100,500,226.72776380317458,129.69052824000002,100.0,229.69052824000002,220.00000000000003
