plant_id,sku,region,production_cases,total_cost,week_start
P01,BB250,North,246.98375,4939.674999999999,2025-06-30
P01,BB500,North,368.87505,9959.62635,2025-06-30
P01,BB1000,North,465.44701,19083.327409999998,2025-06-30
P01,LM250,North,186.19101,3537.62919,2025-06-30
P01,LM500,North,295.04082,7376.0205,2025-06-30
P01,OR500,North,235.0059,6110.1534,2025-06-30
P01,OR1000,North,329.9842,13199.367999999999,2025-06-30
P01,EN250,North,148.47822,5493.69414,2025-06-30
P01,EN500,North,116.7836,6656.6652,2025-06-30
P01,WT1000,North,733.57511,11737.20176,2025-06-30
P02,BB250,Central,224.53989,4715.33769,2025-06-30
P02,BB250,South,298.9823,5680.6637,2025-06-30
P02,BB250,West,312.27106,6869.96332,2025-06-30
P02,BB500,Central,328.63057,9201.65596,2025-06-30
P02,BB500,South,410.93042,10684.190920000001,2025-06-30
P02,BB500,West,416.16827,12068.87983,2025-06-30
P02,BB1000,Central,400.55738,16823.40996,2025-06-30
P02,BB1000,South,519.24712,20769.8848,2025-06-30
P02,BB1000,West,550.28098,23662.08214,2025-06-30
P02,LM250,Central,189.70033,3794.0066,2025-06-30
P02,LM250,South,230.45207,4148.1372599999995,2025-06-30
P02,LM250,West,230.08137,4831.70877,2025-06-30
P02,LM500,Central,250.32167,6508.363420000001,2025-06-30
P02,LM500,South,333.61373,8006.729519999999,2025-06-30
P02,LM500,West,335.18281,9049.935870000001,2025-06-30
P02,OR500,Central,214.97158,5804.23266,2025-06-30
P02,OR500,South,277.99064,6949.766,2025-06-30
P02,OR500,West,295.50249,8274.069720000001,2025-06-30
P02,OR1000,Central,301.91313,12378.43833,2025-06-30
P02,OR1000,South,421.87102,16452.96978,2025-06-30
P02,OR1000,West,438.99573,18437.820659999998,2025-06-30
P02,EN250,Central,142.13378,5401.08364,2025-06-30
P02,EN250,South,187.52309,6750.8312399999995,2025-06-30
P02,EN250,West,181.95602,7096.28478,2025-06-30
P02,EN500,Central,104.08059,6036.67422,2025-06-30
P02,EN500,South,129.22064,7236.35584,2025-06-30
P02,EN500,West,136.32577,8043.22043,2025-06-30
P02,WT1000,Central,691.10705,11748.81985,2025-06-30
P02,WT1000,South,842.88351,12643.25265,2025-06-30
P02,WT1000,West,828.45882,14912.258759999999,2025-06-30
P03,BB250,East,233.77545,4909.28445,2025-06-30
P03,BB500,East,352.21173,9861.92844,2025-06-30
P03,BB1000,East,421.42977,17700.05034,2025-06-30
P03,LM250,East,182.43763,3648.7526000000003,2025-06-30
P03,LM500,East,266.37911,6925.856860000001,2025-06-30
P03,OR500,East,214.38891,5788.50057,2025-06-30
P03,OR1000,East,301.10614,12345.35174,2025-06-30
P03,EN250,East,144.66767,5497.371459999999,2025-06-30
P03,EN500,East,100.33328,5819.33024,2025-06-30
P03,WT1000,East,697.20301,11852.451169999998,2025-06-30
P01,BB250,North,274.76878,5495.375599999999,2025-07-07
P01,BB500,North,402.87356,10877.58612,2025-07-07
P01,BB1000,North,523.66634,21470.31994,2025-07-07
P01,LM250,North,225.21916,4279.16404,2025-07-07
P01,LM500,North,319.22777,7980.6942500000005,2025-07-07
P01,OR500,North,261.63356,6802.47256,2025-07-07
P01,OR1000,North,363.09101,14523.6404,2025-07-07
P01,EN250,North,164.30804,6079.3974800000005,2025-07-07
P01,EN500,North,122.71567,6994.79319,2025-07-07
P01,WT1000,North,868.79972,13900.79552,2025-07-07
P02,BB250,Central,262.82086,5519.23806,2025-07-07
P02,BB250,South,337.94207,6420.89933,2025-07-07
P02,BB250,West,326.55512,7184.21264,2025-07-07
P02,BB500,Central,372.54702,10431.31656,2025-07-07
P02,BB500,South,460.78914,11980.51764,2025-07-07
P02,BB500,West,454.34577,13176.02733,2025-07-07
P02,BB1000,Central,453.47183,19045.81686,2025-07-07
P02,BB1000,South,574.46471,22978.5884,2025-07-07
P02,BB1000,West,598.47519,25734.43317,2025-07-07
P02,LM250,Central,203.03484,4060.6968,2025-07-07
P02,LM250,South,258.95736,4661.23248,2025-07-07
P02,LM250,West,254.9826,5354.634599999999,2025-07-07
P02,LM500,Central,286.02564,7436.66664,2025-07-07
P02,LM500,South,362.39337,8697.44088,2025-07-07
P02,LM500,West,364.28252,9835.62804,2025-07-07
P02,OR500,Central,231.99931,6263.98137,2025-07-07
P02,OR500,South,294.45696,7361.423999999999,2025-07-07
P02,OR500,West,314.21021,8797.88588,2025-07-07
P02,OR1000,Central,330.11855,13534.860550000001,2025-07-07
P02,OR1000,South,467.44795,18230.47005,2025-07-07
P02,OR1000,West,467.56482,19637.72244,2025-07-07
P02,EN250,Central,156.61208,5951.25904,2025-07-07
P02,EN250,South,199.56199,7184.23164,2025-07-07
P02,EN250,West,207.07869,8076.06891,2025-07-07
P02,EN500,Central,111.73496,6480.62768,2025-07-07
P02,EN500,South,140.61357,7874.359920000001,2025-07-07
P02,EN500,West,146.02944,8615.73696,2025-07-07
P02,WT1000,Central,866.71492,14734.15364,2025-07-07
P02,WT1000,South,929.35221,13940.28315,2025-07-07
P02,WT1000,West,937.10675,16867.9215,2025-07-07
P03,BB250,East,262.93834,5521.70514,2025-07-07
P03,BB500,East,382.53332,10710.93296,2025-07-07
P03,BB1000,East,457.31603,19207.27326,2025-07-07
P03,LM250,East,202.1634,4043.268,2025-07-07
P03,LM500,East,290.30215,7547.8559,2025-07-07
P03,OR500,East,240.73307,6499.79289,2025-07-07
P03,OR1000,East,355.89529,14591.70689,2025-07-07
P03,EN250,East,164.61064,6255.20432,2025-07-07
P03,EN500,East,110.137,6387.946,2025-07-07
P03,WT1000,East,845.49335,14373.38695,2025-07-07
P01,BB250,North,288.43239,5768.6478,2025-07-14
P01,BB500,North,414.20108,11183.42916,2025-07-14
P01,BB1000,North,519.26404,21289.825640000003,2025-07-14
P01,LM250,North,215.49036,4094.3168400000004,2025-07-14
P01,LM500,North,330.69485,8267.37125,2025-07-14
P01,OR500,North,276.76058,7195.77508,2025-07-14
P01,OR1000,North,366.79812,14671.924799999999,2025-07-14
P01,EN250,North,171.20716,6334.664919999999,2025-07-14
P01,EN500,North,123.34694,7030.77558,2025-07-14
P01,WT1000,North,841.69007,13467.04112,2025-07-14
P02,BB250,Central,262.76561,5518.07781,2025-07-14
P02,BB250,South,326.15431,6196.93189,2025-07-14
P02,BB250,West,330.7029,7275.4637999999995,2025-07-14
P02,BB500,Central,366.04227,10249.18356,2025-07-14
P02,BB500,South,459.37135,11943.6551,2025-07-14
P02,BB500,West,464.03419,13456.99151,2025-07-14
P02,BB1000,Central,451.16791,18949.05222,2025-07-14
P02,BB1000,South,582.60858,23304.3432,2025-07-14
P02,BB1000,West,605.52178,26037.436540000002,2025-07-14
P02,LM250,Central,206.88839,4137.7678,2025-07-14
P02,LM250,South,256.1237,4610.2266,2025-07-14
P02,LM250,West,257.58096,5409.20016,2025-07-14
P02,LM500,Central,287.60175,7477.6455,2025-07-14
P02,LM500,South,362.26671,8694.40104,2025-07-14
P02,LM500,West,377.84992,10201.94784,2025-07-14
P02,OR500,Central,239.1569,6457.2363000000005,2025-07-14
P02,OR500,South,310.43495,7760.873750000001,2025-07-14
P02,OR500,West,312.73015,8756.4442,2025-07-14
P02,OR1000,Central,349.09461,14312.879009999999,2025-07-14
P02,OR1000,South,469.94099,18327.69861,2025-07-14
P02,OR1000,West,454.68413,19096.73346,2025-07-14
P02,EN250,Central,157.47664,5984.11232,2025-07-14
P02,EN250,South,202.87958,7303.66488,2025-07-14
P02,EN250,West,197.6151,7706.9889,2025-07-14
P02,EN500,Central,116.32633,6746.92714,2025-07-14
P02,EN500,South,141.25237,7910.1327200000005,2025-07-14
P02,EN500,West,147.09899,8678.840409999999,2025-07-14
P02,WT1000,Central,819.7954,13936.521799999999,2025-07-14
P02,WT1000,South,955.13191,14326.97865,2025-07-14
P02,WT1000,West,955.07349,17191.32282,2025-07-14
P03,BB250,East,279.08598,5860.80558,2025-07-14
P03,BB500,East,421.99434,11815.84152,2025-07-14
P03,BB1000,East,464.51948,19509.81816,2025-07-14
P03,LM250,East,200.92437,4018.4874,2025-07-14
P03,LM500,East,283.89807,7381.34982,2025-07-14
P03,OR500,East,240.27062,6487.30674,2025-07-14
P03,OR1000,East,355.29597,14567.13477,2025-07-14
P03,EN250,East,160.18216,6086.92208,2025-07-14
P03,EN500,East,113.11398,6560.61084,2025-07-14
P03,WT1000,East,831.39435,14133.703950000001,2025-07-14
P01,BB250,North,284.86368,5697.2735999999995,2025-07-21
P01,BB500,North,446.61812,12058.68924,2025-07-21
P01,BB1000,North,500.74417,20530.51097,2025-07-21
P01,LM250,North,220.90856,4197.26264,2025-07-21
P01,LM500,North,328.81895,8220.47375,2025-07-21
P01,OR500,North,256.79949,6676.78674,2025-07-21
P01,OR1000,North,367.86879,14714.7516,2025-07-21
P01,EN250,North,165.87032,6137.20184,2025-07-21
P01,EN500,North,129.93176,7406.11032,2025-07-21
P01,WT1000,North,809.34842,12949.57472,2025-07-21
P02,BB250,Central,257.73763,5412.49023,2025-07-21
P02,BB250,South,317.83231,6038.81389,2025-07-21
P02,BB250,West,348.41355,7665.098099999999,2025-07-21
P02,BB500,Central,361.39238,10118.98664,2025-07-21
P02,BB500,South,453.04657,11779.21082,2025-07-21
P02,BB500,West,462.87876,13423.48404,2025-07-21
P02,BB1000,Central,464.16971,19495.12782,2025-07-21
P02,BB1000,South,578.42432,23136.9728,2025-07-21
P02,BB1000,West,581.81229,25017.92847,2025-07-21
P02,LM250,Central,201.54351,4030.8702,2025-07-21
P02,LM250,South,259.47062,4670.47116,2025-07-21
P02,LM250,West,254.13127,5336.75667,2025-07-21
P02,LM500,Central,286.59765,7451.5389,2025-07-21
P02,LM500,South,365.76678,8778.40272,2025-07-21
P02,LM500,West,377.95899,10204.89273,2025-07-21
P02,OR500,Central,241.66367,6524.91909,2025-07-21
P02,OR500,South,310.16742,7754.1855,2025-07-21
P02,OR500,West,328.71854,9204.119120000001,2025-07-21
P02,OR1000,Central,334.17599,13701.21559,2025-07-21
P02,OR1000,South,465.12635,18139.92765,2025-07-21
P02,OR1000,West,449.403,18874.926,2025-07-21
P02,EN250,Central,158.23142,6012.793960000001,2025-07-21
P02,EN250,South,197.78407,7120.22652,2025-07-21
P02,EN250,West,198.63603,7746.8051700000005,2025-07-21
P02,EN500,Central,114.37638,6633.83004,2025-07-21
P02,EN500,South,144.90135,8114.475600000001,2025-07-21
P02,EN500,West,151.76817,8954.32203,2025-07-21
P02,WT1000,Central,845.30183,14370.13111,2025-07-21
P02,WT1000,South,977.7796,14666.694,2025-07-21
P02,WT1000,West,997.32477,17951.845859999998,2025-07-21
P03,BB250,East,272.72355,5727.19455,2025-07-21
P03,BB500,East,391.83611,10971.41108,2025-07-21
P03,BB1000,East,460.05404,19322.269679999998,2025-07-21
P03,LM250,East,200.14185,4002.837,2025-07-21
P03,LM500,East,278.47139,7240.2561399999995,2025-07-21
P03,OR500,East,237.1642,6403.4334,2025-07-21
P03,OR1000,East,349.6163,14334.268300000002,2025-07-21
P03,EN250,East,166.4209,6323.994199999999,2025-07-21
P03,EN500,East,119.10593,6908.14394,2025-07-21
P03,WT1000,East,819.14464,13925.45888,2025-07-21
P01,BB250,North,262.52025,5250.405,2025-07-28
P01,BB500,North,382.42185,10325.38995,2025-07-28
P01,BB1000,North,482.58598,19786.02518,2025-07-28
P01,LM250,North,209.48303,3980.1775700000003,2025-07-28
P01,LM500,North,299.45781,7486.44525,2025-07-28
P01,OR500,North,243.92931,6342.16206,2025-07-28
P01,OR1000,North,368.70939,14748.3756,2025-07-28
P01,EN250,North,162.93038,6028.42406,2025-07-28
P01,EN500,North,122.81896,7000.68072,2025-07-28
P01,WT1000,North,794.54051,12712.64816,2025-07-28
P02,BB250,Central,270.48076,5680.09596,2025-07-28
P02,BB250,South,310.99933,5908.98727,2025-07-28
P02,BB250,West,328.91095,7236.0409,2025-07-28
P02,BB500,Central,360.75033,10101.009240000001,2025-07-28
P02,BB500,South,443.50493,11531.12818,2025-07-28
P02,BB500,West,430.95872,12497.802880000001,2025-07-28
P02,BB1000,Central,462.72118,19434.28956,2025-07-28
P02,BB1000,South,567.46665,22698.665999999997,2025-07-28
P02,BB1000,West,573.92818,24678.91174,2025-07-28
P02,LM250,Central,191.88553,3837.7106,2025-07-28
P02,LM250,South,259.59761,4672.756979999999,2025-07-28
P02,LM250,West,243.27659,5108.80839,2025-07-28
P02,LM500,Central,272.48262,7084.5481199999995,2025-07-28
P02,LM500,South,341.62484,8198.99616,2025-07-28
P02,LM500,West,357.52893,9653.28111,2025-07-28
P02,OR500,Central,227.44238,6140.94426,2025-07-28
P02,OR500,South,295.91205,7397.80125,2025-07-28
P02,OR500,West,315.20076,8825.62128,2025-07-28
P02,OR1000,Central,335.36018,13749.767380000001,2025-07-28
P02,OR1000,South,438.49371,17101.25469,2025-07-28
P02,OR1000,West,430.24502,18070.29084,2025-07-28
P02,EN250,Central,160.68895,6106.1801000000005,2025-07-28
P02,EN250,South,195.4833,7037.398800000001,2025-07-28
P02,EN250,West,198.53013,7742.67507,2025-07-28
P02,EN500,Central,110.74352,6423.12416,2025-07-28
P02,EN500,South,141.45003,7921.20168,2025-07-28
P02,EN500,West,140.12333,8267.27647,2025-07-28
P02,WT1000,Central,846.39336,14388.68712,2025-07-28
P02,WT1000,South,917.95859,13769.37885,2025-07-28
P02,WT1000,West,921.21007,16581.78126,2025-07-28
P03,BB250,East,264.95836,5564.12556,2025-07-28
P03,BB500,East,395.63572,11077.800159999999,2025-07-28
P03,BB1000,East,436.61814,18337.96188,2025-07-28
P03,LM250,East,199.33507,3986.7014,2025-07-28
P03,LM500,East,279.10652,7256.76952,2025-07-28
P03,OR500,East,226.99887,6128.96949,2025-07-28
P03,OR1000,East,329.62883,13514.78203,2025-07-28
P03,EN250,East,155.70771,5916.89298,2025-07-28
P03,EN500,East,110.42813,6404.83154,2025-07-28
P03,WT1000,East,787.54214,13388.21638,2025-07-28
P01,BB250,North,244.11666,4882.3332,2025-08-04
P01,BB500,North,371.41268,10028.14236,2025-08-04
P01,BB1000,North,453.47685,18592.55085,2025-08-04
P01,LM250,North,201.27221,3824.17199,2025-08-04
P01,LM500,North,299.98097,7499.52425,2025-08-04
P01,OR500,North,252.56834,6566.77684,2025-08-04
P01,OR1000,North,338.85038,13554.015199999998,2025-08-04
P01,EN250,North,159.46277,5900.122490000001,2025-08-04
P01,EN500,North,111.03986,6329.27202,2025-08-04
P01,WT1000,North,754.94908,12079.18528,2025-08-04
P02,BB250,Central,241.5198,5071.9158,2025-08-04
P02,BB250,South,287.82915,5468.753850000001,2025-08-04
P02,BB250,West,310.70111,6835.42442,2025-08-04
P02,BB500,Central,327.996,9183.887999999999,2025-08-04
P02,BB500,South,426.11708,11079.04408,2025-08-04
P02,BB500,West,439.77694,12753.531260000002,2025-08-04
P02,BB1000,Central,430.72863,18090.602460000002,2025-08-04
P02,BB1000,South,508.71748,20348.699200000003,2025-08-04
P02,BB1000,West,543.92888,23388.941840000003,2025-08-04
P02,LM250,Central,179.2408,3584.8160000000003,2025-08-04
P02,LM250,South,232.8859,4191.9462,2025-08-04
P02,LM250,West,238.23736,5002.98456,2025-08-04
P02,LM500,Central,263.15485,6842.0261,2025-08-04
P02,LM500,South,331.38082,7953.13968,2025-08-04
P02,LM500,West,348.58076,9411.68052,2025-08-04
P02,OR500,Central,217.4787,5871.9249,2025-08-04
P02,OR500,South,272.12334,6803.0835,2025-08-04
P02,OR500,West,309.83331,8675.33268,2025-08-04
P02,OR1000,Central,318.65727,13064.948069999999,2025-08-04
P02,OR1000,South,405.53489,15815.86071,2025-08-04
P02,OR1000,West,418.50218,17577.09156,2025-08-04
P02,EN250,Central,145.31976,5522.15088,2025-08-04
P02,EN250,South,185.33881,6672.19716,2025-08-04
P02,EN250,West,190.39738,7425.49782,2025-08-04
P02,EN500,Central,101.67544,5897.17552,2025-08-04
P02,EN500,South,129.93405,7276.3068,2025-08-04
P02,EN500,West,133.21286,7859.55874,2025-08-04
P02,WT1000,Central,765.39278,13011.67726,2025-08-04
P02,WT1000,South,887.34865,13310.22975,2025-08-04
P02,WT1000,West,918.93929,16540.90722,2025-08-04
P03,BB250,East,251.56914,5282.95194,2025-08-04
P03,BB500,East,365.52681,10234.750680000001,2025-08-04
P03,BB1000,East,420.64158,17666.946359999998,2025-08-04
P03,LM250,East,188.44362,3768.8724,2025-08-04
P03,LM500,East,266.9407,6940.4582,2025-08-04
P03,OR500,East,223.5109,6034.7943,2025-08-04
P03,OR1000,East,311.85518,12786.062380000001,2025-08-04
P03,EN250,East,147.52578,5605.97964,2025-08-04
P03,EN500,East,100.95963,5855.65854,2025-08-04
P03,WT1000,East,756.52723,12860.96291,2025-08-04
P01,BB250,North,243.94278,4878.8556,2025-08-11
P01,BB500,North,367.94555,9934.52985,2025-08-11
P01,BB1000,North,474.28479,19445.67639,2025-08-11
P01,LM250,North,201.87633,3835.65027,2025-08-11
P01,LM500,North,284.39895,7109.97375,2025-08-11
P01,OR500,North,247.61103,6437.88678,2025-08-11
P01,OR1000,North,345.21756,13808.7024,2025-08-11
P01,EN250,North,167.8049,6208.781300000001,2025-08-11
P01,EN500,North,116.19659,6623.20563,2025-08-11
P01,WT1000,North,779.13906,12466.22496,2025-08-11
P02,BB250,Central,239.49409,5029.37589,2025-08-11
P02,BB250,South,304.32528,5782.18032,2025-08-11
P02,BB250,West,313.87435,6905.2357,2025-08-11
P02,BB500,Central,346.75164,9709.04592,2025-08-11
P02,BB500,South,422.7301,10990.9826,2025-08-11
P02,BB500,West,419.72135,12171.91915,2025-08-11
P02,BB1000,Central,449.26083,18868.95486,2025-08-11
P02,BB1000,South,532.01073,21280.4292,2025-08-11
P02,BB1000,West,548.62178,23590.736539999998,2025-08-11
P02,LM250,Central,186.18596,3723.7192,2025-08-11
P02,LM250,South,246.34117,4434.14106,2025-08-11
P02,LM250,West,244.87007,5142.27147,2025-08-11
P02,LM500,Central,264.59218,6879.39668,2025-08-11
P02,LM500,South,333.22065,7997.2955999999995,2025-08-11
P02,LM500,West,355.45853,9597.38031,2025-08-11
P02,OR500,Central,221.8592,5990.198399999999,2025-08-11
P02,OR500,South,283.23812,7080.9529999999995,2025-08-11
P02,OR500,West,297.86053,8340.09484,2025-08-11
P02,OR1000,Central,336.22101,13785.061409999998,2025-08-11
P02,OR1000,South,426.21474,16622.37486,2025-08-11
P02,OR1000,West,416.38271,17488.073819999998,2025-08-11
P02,EN250,Central,156.702,5954.6759999999995,2025-08-11
P02,EN250,South,184.52894,6643.04184,2025-08-11
P02,EN250,West,189.96215,7408.5238500000005,2025-08-11
P02,EN500,Central,103.30825,5991.8785,2025-08-11
P02,EN500,South,137.5631,7703.5336,2025-08-11
P02,EN500,West,133.13204,7854.790359999999,2025-08-11
P02,WT1000,Central,762.38254,12960.50318,2025-08-11
P02,WT1000,South,885.78212,13286.7318,2025-08-11
P02,WT1000,West,874.83108,15746.95944,2025-08-11
P03,BB250,East,247.07848,5188.64808,2025-08-11
P03,BB500,East,368.13254,10307.71112,2025-08-11
P03,BB1000,East,462.32996,19417.85832,2025-08-11
P03,LM250,East,185.60072,3712.0144,2025-08-11
P03,LM500,East,275.81512,7171.19312,2025-08-11
P03,OR500,East,224.78887,6069.29949,2025-08-11
P03,OR1000,East,322.51163,13222.976830000001,2025-08-11
P03,EN250,East,154.76075,5880.9085000000005,2025-08-11
P03,EN500,East,105.87361,6140.66938,2025-08-11
P03,WT1000,East,734.8973,12493.2541,2025-08-11
P01,BB250,North,243.29463,4865.8926,2025-08-18
P01,BB500,North,363.44641,9813.05307,2025-08-18
P01,BB1000,North,467.84326,19181.57366,2025-08-18
P01,LM250,North,191.12375,3631.35125,2025-08-18
P01,LM500,North,293.38717,7334.679250000001,2025-08-18
P01,OR500,North,240.87341,6262.70866,2025-08-18
P01,OR1000,North,337.97167,13518.8668,2025-08-18
P01,EN250,North,157.38523,5823.2535100000005,2025-08-18
P01,EN500,North,110.59313,6303.808410000001,2025-08-18
P01,WT1000,North,748.65697,11978.51152,2025-08-18
P02,BB250,Central,231.86747,4869.21687,2025-08-18
P02,BB250,South,304.60797,5787.55143,2025-08-18
P02,BB250,West,304.94153,6708.71366,2025-08-18
P02,BB500,Central,322.87299,9040.443720000001,2025-08-18
P02,BB500,South,445.48449,11582.596739999999,2025-08-18
P02,BB500,West,428.80373,12435.308169999998,2025-08-18
P02,BB1000,Central,445.99741,18731.89122,2025-08-18
P02,BB1000,South,517.90291,20716.1164,2025-08-18
P02,BB1000,West,557.644,23978.692,2025-08-18
P02,LM250,Central,185.05986,3701.1971999999996,2025-08-18
P02,LM250,South,247.74993,4459.49874,2025-08-18
P02,LM250,West,236.76718,4972.11078,2025-08-18
P02,LM500,Central,260.69787,6778.144620000001,2025-08-18
P02,LM500,South,326.45315,7834.875599999999,2025-08-18
P02,LM500,West,347.19504,9374.26608,2025-08-18
P02,OR500,Central,225.89879,6099.26733,2025-08-18
P02,OR500,South,277.37738,6934.4345,2025-08-18
P02,OR500,West,297.42479,8327.894119999999,2025-08-18
P02,OR1000,Central,306.28827,12557.819070000001,2025-08-18
P02,OR1000,South,414.93757,16182.56523,2025-08-18
P02,OR1000,West,411.92141,17300.69922,2025-08-18
P02,EN250,Central,145.22069,5518.386219999999,2025-08-18
P02,EN250,South,182.46327,6568.67772,2025-08-18
P02,EN250,West,191.05776,7451.25264,2025-08-18
P02,EN500,Central,99.144868,5750.402344,2025-08-18
P02,EN500,South,132.33786,7410.920160000001,2025-08-18
P02,EN500,West,132.54278,7820.02402,2025-08-18
P02,WT1000,Central,745.86774,12679.75158,2025-08-18
P02,WT1000,South,865.80188,12987.0282,2025-08-18
P02,WT1000,West,898.70727,16176.73086,2025-08-18
P03,BB250,East,242.01604,5082.33684,2025-08-18
P03,BB500,East,354.82449,9935.085720000001,2025-08-18
P03,BB1000,East,414.10209,17392.28778,2025-08-18
P03,LM250,East,181.94675,3638.9350000000004,2025-08-18
P03,LM500,East,260.81034,6781.06884,2025-08-18
P03,OR500,East,223.11227,6024.03129,2025-08-18
P03,OR1000,East,318.34056,13051.962959999999,2025-08-18
P03,EN250,East,147.52057,5605.78166,2025-08-18
P03,EN500,East,100.681,5839.498,2025-08-18
P03,WT1000,East,714.75328,12150.805760000001,2025-08-18
P01,BB250,North,243.71352,4874.270399999999,2025-08-25
P01,BB500,North,383.87883,10364.72841,2025-08-25
P01,BB1000,North,489.86704,20084.548639999997,2025-08-25
P01,LM250,North,188.32617,3578.1972299999998,2025-08-25
P01,LM500,North,296.1936,7404.84,2025-08-25
P01,OR500,North,237.14706,6165.823560000001,2025-08-25
P01,OR1000,North,346.61483,13864.5932,2025-08-25
P01,EN250,North,154.36554,5711.52498,2025-08-25
P01,EN500,North,110.9811,6325.9227,2025-08-25
P01,WT1000,North,781.03478,12496.55648,2025-08-25
P02,BB250,Central,239.84901,5036.82921,2025-08-25
P02,BB250,South,305.33164,5801.30116,2025-08-25
P02,BB250,West,311.12149,6844.67278,2025-08-25
P02,BB500,Central,318.40079,8915.222119999999,2025-08-25
P02,BB500,South,431.15467,11210.021420000001,2025-08-25
P02,BB500,West,422.30938,12246.97202,2025-08-25
P02,BB1000,Central,430.60467,18085.39614,2025-08-25
P02,BB1000,South,518.46398,20738.5592,2025-08-25
P02,BB1000,West,556.98513,23950.36059,2025-08-25
P02,LM250,Central,183.59817,3671.9634,2025-08-25
P02,LM250,South,244.46831,4400.42958,2025-08-25
P02,LM250,West,246.29707,5172.23847,2025-08-25
P02,LM500,Central,251.9375,6550.375,2025-08-25
P02,LM500,South,329.81484,7915.55616,2025-08-25
P02,LM500,West,339.04245,9154.146149999999,2025-08-25
P02,OR500,Central,222.75088,6014.27376,2025-08-25
P02,OR500,South,276.99954,6924.9885,2025-08-25
P02,OR500,West,289.03259,8092.912520000001,2025-08-25
P02,OR1000,Central,308.64073,12654.26993,2025-08-25
P02,OR1000,South,405.34015,15808.26585,2025-08-25
P02,OR1000,West,410.20836,17228.75112,2025-08-25
P02,EN250,Central,143.74277,5462.22526,2025-08-25
P02,EN250,South,182.97808,6587.2108800000005,2025-08-25
P02,EN250,West,185.5296,7235.654399999999,2025-08-25
P02,EN500,Central,101.69575,5898.3535,2025-08-25
P02,EN500,South,129.40564,7246.715840000001,2025-08-25
P02,EN500,West,130.75185,7714.359149999999,2025-08-25
P02,WT1000,Central,706.63378,12012.77426,2025-08-25
P02,WT1000,South,903.44936,13551.740399999999,2025-08-25
P02,WT1000,West,916.29585,16493.3253,2025-08-25
P03,BB250,East,247.17939,5190.7671900000005,2025-08-25
P03,BB500,East,338.53067,9478.85876,2025-08-25
P03,BB1000,East,412.3439,17318.4438,2025-08-25
P03,LM250,East,179.31219,3586.2437999999997,2025-08-25
P03,LM500,East,256.23902,6662.2145199999995,2025-08-25
P03,OR500,East,220.96704,5966.11008,2025-08-25
P03,OR1000,East,309.1561,12675.400099999999,2025-08-25
P03,EN250,East,144.49529,5490.82102,2025-08-25
P03,EN500,East,103.62898,6010.48084,2025-08-25
P03,WT1000,East,708.47767,12044.12039,2025-08-25
P01,BB250,North,248.7031,4974.062,2025-09-01
P01,BB500,North,371.98496,10043.59392,2025-09-01
P01,BB1000,North,463.08193,18986.35913,2025-09-01
P01,LM250,North,193.97785,3685.5791499999996,2025-09-01
P01,LM500,North,285.7589,7143.9725,2025-09-01
P01,OR500,North,233.02895,6058.7527,2025-09-01
P01,OR1000,North,333.48021,13339.2084,2025-09-01
P01,EN250,North,155.82584,5765.55608,2025-09-01
P01,EN500,North,114.03297,6499.879290000001,2025-09-01
P01,WT1000,North,767.82614,12285.21824,2025-09-01
P02,BB250,Central,226.95276,4766.00796,2025-09-01
P02,BB250,South,297.36328,5649.902319999999,2025-09-01
P02,BB250,West,304.33405,6695.349099999999,2025-09-01
P02,BB500,Central,322.95703,9042.796839999999,2025-09-01
P02,BB500,South,406.48639,10568.646139999999,2025-09-01
P02,BB500,West,424.27993,12304.11797,2025-09-01
P02,BB1000,Central,422.46747,17743.63374,2025-09-01
P02,BB1000,South,531.04276,21241.710400000004,2025-09-01
P02,BB1000,West,550.73238,23681.49234,2025-09-01
P02,LM250,Central,178.48379,3569.6758,2025-09-01
P02,LM250,South,238.88183,4299.87294,2025-09-01
P02,LM250,West,259.23329,5443.89909,2025-09-01
P02,LM500,Central,256.9071,6679.5846,2025-09-01
P02,LM500,South,326.37051,7832.892240000001,2025-09-01
P02,LM500,West,353.60813,9547.41951,2025-09-01
P02,OR500,Central,221.99014,5993.73378,2025-09-01
P02,OR500,South,285.81361,7145.340249999999,2025-09-01
P02,OR500,West,287.12533,8039.50924,2025-09-01
P02,OR1000,Central,301.54981,12363.54221,2025-09-01
P02,OR1000,South,415.34379,16198.40781,2025-09-01
P02,OR1000,West,405.91198,17048.30316,2025-09-01
P02,EN250,Central,145.05729,5512.17702,2025-09-01
P02,EN250,South,184.36614,6637.18104,2025-09-01
P02,EN250,West,188.23374,7341.115860000001,2025-09-01
P02,EN500,Central,108.71823,6305.657340000001,2025-09-01
P02,EN500,South,127.98892,7167.3795199999995,2025-09-01
P02,EN500,West,131.44886,7755.4827399999995,2025-09-01
P02,WT1000,Central,713.37648,12127.400160000001,2025-09-01
P02,WT1000,South,872.99554,13094.9331,2025-09-01
P02,WT1000,West,879.0586,15823.0548,2025-09-01
P03,BB250,East,247.627,5200.167,2025-09-01
P03,BB500,East,334.76644,9373.46032,2025-09-01
P03,BB1000,East,408.43652,17154.33384,2025-09-01
P03,LM250,East,181.43888,3628.7776000000003,2025-09-01
P03,LM500,East,254.57797,6619.02722,2025-09-01
P03,OR500,East,222.43428,6005.72556,2025-09-01
P03,OR1000,East,314.80326,12906.93366,2025-09-01
P03,EN250,East,145.44989,5527.0958200000005,2025-09-01
P03,EN500,East,104.30486,6049.68188,2025-09-01
P03,WT1000,East,757.32396,12874.50732,2025-09-01
P01,BB250,North,254.09403,5081.8806,2025-09-08
P01,BB500,North,384.90382,10392.40314,2025-09-08
P01,BB1000,North,475.22202,19484.10282,2025-09-08
P01,LM250,North,193.74557,3681.16583,2025-09-08
P01,LM500,North,287.32594,7183.1485,2025-09-08
P01,OR500,North,234.01833,6084.47658,2025-09-08
P01,OR1000,North,353.34903,14133.961200000002,2025-09-08
P01,EN250,North,161.56504,5977.906480000001,2025-09-08
P01,EN500,North,112.10372,6389.91204,2025-09-08
P01,WT1000,North,768.86552,12301.84832,2025-09-08
P02,BB250,Central,228.59433,4800.480930000001,2025-09-08
P02,BB250,South,297.50234,5652.54446,2025-09-08
P02,BB250,West,305.23716,6715.21752,2025-09-08
P02,BB500,Central,337.91138,9461.51864,2025-09-08
P02,BB500,South,414.37192,10773.66992,2025-09-08
P02,BB500,West,423.13341,12270.868890000002,2025-09-08
P02,BB1000,Central,421.46395,17701.4859,2025-09-08
P02,BB1000,South,528.73247,21149.2988,2025-09-08
P02,BB1000,West,540.38893,23236.72399,2025-09-08
P02,LM250,Central,183.76609,3675.3217999999997,2025-09-08
P02,LM250,South,246.76388,4441.74984,2025-09-08
P02,LM250,West,248.30326,5214.36846,2025-09-08
P02,LM500,Central,248.84934,6470.08284,2025-09-08
P02,LM500,South,352.95157,8470.83768,2025-09-08
P02,LM500,West,337.93821,9124.331670000001,2025-09-08
P02,OR500,Central,216.2707,5839.3089,2025-09-08
P02,OR500,South,298.74692,7468.673,2025-09-08
P02,OR500,West,285.90494,8005.338320000001,2025-09-08
P02,OR1000,Central,307.68887,12615.24367,2025-09-08
P02,OR1000,South,393.20167,15334.865129999998,2025-09-08
P02,OR1000,West,407.05319,17096.233979999997,2025-09-08
P02,EN250,Central,144.04586,5473.74268,2025-09-08
P02,EN250,South,181.698,6541.128000000001,2025-09-08
P02,EN250,West,192.80349,7519.33611,2025-09-08
P02,EN500,Central,103.94755,6028.9579,2025-09-08
P02,EN500,South,127.91111,7163.0221599999995,2025-09-08
P02,EN500,West,130.72304,7712.65936,2025-09-08
P02,WT1000,Central,732.28528,12448.84976,2025-09-08
P02,WT1000,South,877.26995,13159.04925,2025-09-08
P02,WT1000,West,881.15908,15860.863440000001,2025-09-08
P03,BB250,East,238.22172,5002.65612,2025-09-08
P03,BB500,East,340.47616,9533.33248,2025-09-08
P03,BB1000,East,406.83954,17087.26068,2025-09-08
P03,LM250,East,178.54526,3570.9052,2025-09-08
P03,LM500,East,252.97959,6577.46934,2025-09-08
P03,OR500,East,216.65571,5849.70417,2025-09-08
P03,OR1000,East,306.6048,12570.7968,2025-09-08
P03,EN250,East,141.851,5390.338,2025-09-08
P03,EN500,East,100.63677,5836.9326599999995,2025-09-08
P03,WT1000,East,735.58263,12504.90471,2025-09-08
P01,BB250,North,248.98691,4979.7382,2025-09-15
P01,BB500,North,391.76413,10577.631510000001,2025-09-15
P01,BB1000,North,460.12492,18865.12172,2025-09-15
P01,LM250,North,194.50955,3695.68145,2025-09-15
P01,LM500,North,288.22753,7205.68825,2025-09-15
P01,OR500,North,234.42979,6095.17454,2025-09-15
P01,OR1000,North,346.24143,13849.6572,2025-09-15
P01,EN250,North,156.07997,5774.95889,2025-09-15
P01,EN500,North,113.19966,6452.38062,2025-09-15
P01,WT1000,North,769.65669,12314.50704,2025-09-15
P02,BB250,Central,232.1057,4874.219700000001,2025-09-15
P02,BB250,South,291.59254,5540.25826,2025-09-15
P02,BB250,West,313.14702,6889.23444,2025-09-15
P02,BB500,Central,325.65162,9118.245359999999,2025-09-15
P02,BB500,South,413.98925,10763.720500000001,2025-09-15
P02,BB500,West,431.70332,12519.39628,2025-09-15
P02,BB1000,Central,413.69259,17375.08878,2025-09-15
P02,BB1000,South,534.28805,21371.522,2025-09-15
P02,BB1000,West,554.49404,23843.243720000002,2025-09-15
P02,LM250,Central,184.70574,3694.1148,2025-09-15
P02,LM250,South,236.92304,4264.61472,2025-09-15
P02,LM250,West,249.40522,5237.509620000001,2025-09-15
P02,LM500,Central,248.1198,6451.1148,2025-09-15
P02,LM500,South,343.78422,8250.82128,2025-09-15
P02,LM500,West,348.12981,9399.50487,2025-09-15
P02,OR500,Central,217.97528,5885.33256,2025-09-15
P02,OR500,South,285.87501,7146.875249999999,2025-09-15
P02,OR500,West,292.56697,8191.8751600000005,2025-09-15
P02,OR1000,Central,309.68074,12696.91034,2025-09-15
P02,OR1000,South,389.46315,15189.06285,2025-09-15
P02,OR1000,West,408.12557,17141.27394,2025-09-15
P02,EN250,Central,146.67006,5573.462280000001,2025-09-15
P02,EN250,South,192.88033,6943.691879999999,2025-09-15
P02,EN250,West,190.26454,7420.31706,2025-09-15
P02,EN500,Central,103.76223,6018.20934,2025-09-15
P02,EN500,South,132.24991,7405.99496,2025-09-15
P02,EN500,West,130.6157,7706.326300000001,2025-09-15
P02,WT1000,Central,721.26079,12261.433430000001,2025-09-15
P02,WT1000,South,877.44708,13161.7062,2025-09-15
P02,WT1000,West,889.69425,16014.496500000001,2025-09-15
P03,BB250,East,241.1168,5063.4528,2025-09-15
P03,BB500,East,338.39309,9475.006519999999,2025-09-15
P03,BB1000,East,413.64463,17373.07446,2025-09-15
P03,LM250,East,179.46535,3589.307,2025-09-15
P03,LM500,East,253.89143,6601.177180000001,2025-09-15
P03,OR500,East,227.00967,6129.26109,2025-09-15
P03,OR1000,East,329.14678,13495.017979999999,2025-09-15
P03,EN250,East,141.8567,5390.5545999999995,2025-09-15
P03,EN500,East,101.73208,5900.460639999999,2025-09-15
P03,WT1000,East,746.41342,12689.02814,2025-09-15
P01,BB250,North,252.04418,5040.8836,2025-09-22
P01,BB500,North,381.4125,10298.1375,2025-09-22
P01,BB1000,North,464.19118,19031.838379999997,2025-09-22
P01,LM250,North,195.95514,3723.14766,2025-09-22
P01,LM500,North,286.50238,7162.5595,2025-09-22
P01,OR500,North,232.75284,6051.57384,2025-09-22
P01,OR1000,North,355.57422,14222.9688,2025-09-22
P01,EN250,North,158.39748,5860.70676,2025-09-22
P01,EN500,North,114.86933,6547.55181,2025-09-22
P01,WT1000,North,771.84684,12349.54944,2025-09-22
P02,BB250,Central,248.04186,5208.87906,2025-09-22
P02,BB250,South,291.6141,5540.6679,2025-09-22
P02,BB250,West,315.29875,6936.572499999999,2025-09-22
P02,BB500,Central,327.96454,9183.00712,2025-09-22
P02,BB500,South,437.92138,11385.95588,2025-09-22
P02,BB500,West,424.16909,12300.90361,2025-09-22
P02,BB1000,Central,413.10366,17350.35372,2025-09-22
P02,BB1000,South,514.94014,20597.605600000003,2025-09-22
P02,BB1000,West,532.18269,22883.85567,2025-09-22
P02,LM250,Central,188.59543,3771.9085999999998,2025-09-22
P02,LM250,South,240.08634,4321.55412,2025-09-22
P02,LM250,West,238.08024,4999.68504,2025-09-22
P02,LM500,Central,255.95347,6654.79022,2025-09-22
P02,LM500,South,338.21119,8117.06856,2025-09-22
P02,LM500,West,335.89662,9069.20874,2025-09-22
P02,OR500,Central,216.4308,5843.6316,2025-09-22
P02,OR500,South,283.63703,7090.925749999999,2025-09-22
P02,OR500,West,285.4192,7991.7375999999995,2025-09-22
P02,OR1000,Central,309.30725,12681.59725,2025-09-22
P02,OR1000,South,401.03042,15640.18638,2025-09-22
P02,OR1000,West,420.56325,17663.6565,2025-09-22
P02,EN250,Central,141.85203,5390.3771400000005,2025-09-22
P02,EN250,South,186.29702,6706.69272,2025-09-22
P02,EN250,West,190.58478,7432.80642,2025-09-22
P02,EN500,Central,108.26292,6279.24936,2025-09-22
P02,EN500,South,133.13764,7455.70784,2025-09-22
P02,EN500,West,131.06693,7732.948870000001,2025-09-22
P02,WT1000,Central,717.78838,12202.40246,2025-09-22
P02,WT1000,South,895.28769,13429.31535,2025-09-22
P02,WT1000,West,953.88345,17169.9021,2025-09-22
P03,BB250,East,235.60454,4947.695339999999,2025-09-22
P03,BB500,East,342.7148,9596.0144,2025-09-22
P03,BB1000,East,411.5782,17286.2844,2025-09-22
P03,LM250,East,181.12106,3622.4211999999998,2025-09-22
P03,LM500,East,263.9798,6863.4748,2025-09-22
P03,OR500,East,219.65181,5930.598870000001,2025-09-22
P03,OR1000,East,325.09288,13328.808079999999,2025-09-22
P03,EN250,East,148.97699,5661.12562,2025-09-22
P03,EN500,East,102.56154,5948.56932,2025-09-22
P03,WT1000,East,717.83277,12203.15709,2025-09-22
P01,BB250,North,253.77758,5075.5516,2025-09-29
P01,BB500,North,379.63022,10250.015940000001,2025-09-29
P01,BB1000,North,458.66349,18805.203090000003,2025-09-29
P01,LM250,North,203.08692,3858.65148,2025-09-29
P01,LM500,North,289.63073,7240.768250000001,2025-09-29
P01,OR500,North,244.27303,6351.09878,2025-09-29
P01,OR1000,North,358.06733,14322.693200000002,2025-09-29
P01,EN250,North,161.74422,5984.53614,2025-09-29
P01,EN500,North,116.07445,6616.24365,2025-09-29
P01,WT1000,North,770.8669,12333.8704,2025-09-29
P02,BB250,Central,238.20221,5002.24641,2025-09-29
P02,BB250,South,302.08466,5739.608539999999,2025-09-29
P02,BB250,West,312.88894,6883.55668,2025-09-29
P02,BB500,Central,343.00939,9604.26292,2025-09-29
P02,BB500,South,422.8042,10992.9092,2025-09-29
P02,BB500,West,429.85902,12465.91158,2025-09-29
P02,BB1000,Central,417.02464,17515.03488,2025-09-29
P02,BB1000,South,534.89832,21395.932800000002,2025-09-29
P02,BB1000,West,553.16484,23786.08812,2025-09-29
P02,LM250,Central,187.97997,3759.5994,2025-09-29
P02,LM250,South,236.57852,4258.41336,2025-09-29
P02,LM250,West,250.69662,5264.62902,2025-09-29
P02,LM500,Central,260.84806,6782.0495599999995,2025-09-29
P02,LM500,South,346.44248,8314.61952,2025-09-29
P02,LM500,West,365.58482,9870.79014,2025-09-29
P02,OR500,Central,219.79967,5934.59109,2025-09-29
P02,OR500,South,290.28237,7257.05925,2025-09-29
P02,OR500,West,297.38769,8326.85532,2025-09-29
P02,OR1000,Central,322.45054,13220.47214,2025-09-29
P02,OR1000,South,422.5919,16481.0841,2025-09-29
P02,OR1000,West,414.74382,17419.24044,2025-09-29
P02,EN250,Central,150.97,5736.86,2025-09-29
P02,EN250,South,195.8186,7049.4696,2025-09-29
P02,EN250,West,190.4255,7426.5945,2025-09-29
P02,EN500,Central,108.17802,6274.32516,2025-09-29
P02,EN500,South,135.7115,7599.844,2025-09-29
P02,EN500,West,134.87052,7957.36068,2025-09-29
P02,WT1000,Central,731.49014,12435.33238,2025-09-29
P02,WT1000,South,880.31114,13204.6671,2025-09-29
P02,WT1000,West,869.45513,15650.192340000001,2025-09-29
P03,BB250,East,240.76931,5056.15551,2025-09-29
P03,BB500,East,351.13684,9831.83152,2025-09-29
P03,BB1000,East,424.01372,17808.57624,2025-09-29
P03,LM250,East,188.22463,3764.4925999999996,2025-09-29
P03,LM500,East,265.706,6908.356000000001,2025-09-29
P03,OR500,East,223.54407,6035.689890000001,2025-09-29
P03,OR1000,East,321.8432,13195.5712,2025-09-29
P03,EN250,East,146.3121,5559.859799999999,2025-09-29
P03,EN500,East,107.90825,6258.6785,2025-09-29
P03,WT1000,East,727.08958,12360.52286,2025-09-29
P01,BB250,North,256.5054,5130.108,2025-10-06
P01,BB500,North,378.0186,10206.502199999999,2025-10-06
P01,BB1000,North,442.77891,18153.93531,2025-10-06
P01,LM250,North,197.55683,3753.57977,2025-10-06
P01,LM500,North,291.55818,7288.9545,2025-10-06
P01,OR500,North,242.11163,6294.9023799999995,2025-10-06
P01,OR1000,North,345.62805,13825.122,2025-10-06
P01,EN250,North,159.15408,5888.70096,2025-10-06
P01,EN500,North,114.1929,6508.9953,2025-10-06
P01,WT1000,North,754.91639,12078.66224,2025-10-06
P02,BB250,Central,238.16091,5001.37911,2025-10-06
P02,BB250,South,293.34812,5573.61428,2025-10-06
P02,BB250,West,301.99421,6643.87262,2025-10-06
P02,BB500,Central,335.48861,9393.68108,2025-10-06
P02,BB500,South,415.66524,10807.29624,2025-10-06
P02,BB500,West,428.09156,12414.65524,2025-10-06
P02,BB1000,Central,406.85645,17087.9709,2025-10-06
P02,BB1000,South,525.24276,21009.7104,2025-10-06
P02,BB1000,West,545.00709,23435.304869999996,2025-10-06
P02,LM250,Central,181.88782,3637.7564,2025-10-06
P02,LM250,South,234.20444,4215.6799200000005,2025-10-06
P02,LM250,West,239.25932,5024.44572,2025-10-06
P02,LM500,Central,259.23113,6740.00938,2025-10-06
P02,LM500,South,330.92396,7942.17504,2025-10-06
P02,LM500,West,342.75729,9254.44683,2025-10-06
P02,OR500,Central,221.23171,5973.25617,2025-10-06
P02,OR500,South,281.50249,7037.562250000001,2025-10-06
P02,OR500,West,290.04329,8121.21212,2025-10-06
P02,OR1000,Central,318.35107,13052.39387,2025-10-06
P02,OR1000,South,422.73574,16486.69386,2025-10-06
P02,OR1000,West,417.07838,17517.29196,2025-10-06
P02,EN250,Central,147.55723,5607.17474,2025-10-06
P02,EN250,South,191.84901,6906.564359999999,2025-10-06
P02,EN250,West,184.40099,7191.63861,2025-10-06
P02,EN500,Central,103.60304,6008.97632,2025-10-06
P02,EN500,South,131.61435,7370.4036,2025-10-06
P02,EN500,West,130.98025,7727.834750000001,2025-10-06
P02,WT1000,Central,726.67749,12353.51733,2025-10-06
P02,WT1000,South,874.75495,13121.32425,2025-10-06
P02,WT1000,West,875.99987,15767.997659999999,2025-10-06
P03,BB250,East,241.02708,5061.56868,2025-10-06
P03,BB500,East,342.09325,9578.611,2025-10-06
P03,BB1000,East,410.99102,17261.62284,2025-10-06
P03,LM250,East,184.16227,3683.2454000000002,2025-10-06
P03,LM500,East,270.94801,7044.64826,2025-10-06
P03,OR500,East,229.31602,6191.53254,2025-10-06
P03,OR1000,East,312.94973,12830.93893,2025-10-06
P03,EN250,East,144.00938,5472.35644,2025-10-06
P03,EN500,East,104.42169,6056.45802,2025-10-06
P03,WT1000,East,711.04079,12087.69343,2025-10-06
P01,BB250,North,253.51509,5070.301799999999,2025-10-13
P01,BB500,North,367.87791,9932.70357,2025-10-13
P01,BB1000,North,445.0791,18248.2431,2025-10-13
P01,LM250,North,201.99784,3837.95896,2025-10-13
P01,LM500,North,287.32132,7183.033,2025-10-13
P01,OR500,North,236.03859,6137.00334,2025-10-13
P01,OR1000,North,344.50564,13780.225600000002,2025-10-13
P01,EN250,North,160.93508,5954.59796,2025-10-13
P01,EN500,North,114.50643,6526.86651,2025-10-13
P01,WT1000,North,775.20413,12403.26608,2025-10-13
P02,BB250,Central,238.41781,5006.77401,2025-10-13
P02,BB250,South,299.82044,5696.588360000001,2025-10-13
P02,BB250,West,302.85888,6662.89536,2025-10-13
P02,BB500,Central,340.8184,9542.9152,2025-10-13
P02,BB500,South,420.77706,10940.20356,2025-10-13
P02,BB500,West,418.0135,12122.391500000002,2025-10-13
P02,BB1000,Central,406.71702,17082.11484,2025-10-13
P02,BB1000,South,536.09762,21443.9048,2025-10-13
P02,BB1000,West,532.7541,22908.4263,2025-10-13
P02,LM250,Central,180.42039,3608.4078,2025-10-13
P02,LM250,South,246.38392,4434.91056,2025-10-13
P02,LM250,West,243.45767,5112.61107,2025-10-13
P02,LM500,Central,253.14622,6581.80172,2025-10-13
P02,LM500,South,332.73016,7985.52384,2025-10-13
P02,LM500,West,347.26356,9376.116119999999,2025-10-13
P02,OR500,Central,223.12158,6024.28266,2025-10-13
P02,OR500,South,289.61529,7240.382250000001,2025-10-13
P02,OR500,West,285.49926,7993.97928,2025-10-13
P02,OR1000,Central,325.68173,13352.95093,2025-10-13
P02,OR1000,South,409.38708,15966.09612,2025-10-13
P02,OR1000,West,409.1511,17184.3462,2025-10-13
P02,EN250,Central,150.88963,5733.80594,2025-10-13
P02,EN250,South,190.37239,6853.40604,2025-10-13
P02,EN250,West,184.84779,7209.063810000001,2025-10-13
P02,EN500,Central,102.94874,5971.02692,2025-10-13
P02,EN500,South,129.61857,7258.6399200000005,2025-10-13
P02,EN500,West,133.50174,7876.6026600000005,2025-10-13
P02,WT1000,Central,729.12878,12395.18926,2025-10-13
P02,WT1000,South,876.29707,13144.456049999999,2025-10-13
P02,WT1000,West,918.37616,16530.77088,2025-10-13
P03,BB250,East,247.42885,5196.0058500000005,2025-10-13
P03,BB500,East,355.02319,9940.64932,2025-10-13
P03,BB1000,East,407.15256,17100.40752,2025-10-13
P03,LM250,East,184.71237,3694.2473999999997,2025-10-13
P03,LM500,East,265.88293,6912.956179999999,2025-10-13
P03,OR500,East,227.75331,6149.33937,2025-10-13
P03,OR1000,East,310.05194,12712.12954,2025-10-13
P03,EN250,East,141.8079,5388.700199999999,2025-10-13
P03,EN500,East,105.38591,6112.38278,2025-10-13
P03,WT1000,East,741.38086,12603.474619999999,2025-10-13
P01,BB250,North,272.86614,5457.3228,2025-10-20
P01,BB500,North,380.86394,10283.32638,2025-10-20
P01,BB1000,North,482.64335,19788.37735,2025-10-20
P01,LM250,North,196.96864,3742.40416,2025-10-20
P01,LM500,North,297.00733,7425.183250000001,2025-10-20
P01,OR500,North,256.85174,6678.14524,2025-10-20
P01,OR1000,North,350.39685,14015.874,2025-10-20
P01,EN250,North,165.67866,6130.11042,2025-10-20
P01,EN500,North,119.65446,6820.30422,2025-10-20
P01,WT1000,North,783.65484,12538.47744,2025-10-20
P02,BB250,Central,240.88475,5058.57975,2025-10-20
P02,BB250,South,305.15978,5798.03582,2025-10-20
P02,BB250,West,306.26442,6737.817239999999,2025-10-20
P02,BB500,Central,346.70148,9707.64144,2025-10-20
P02,BB500,South,431.79526,11226.67676,2025-10-20
P02,BB500,West,433.55721,12573.15909,2025-10-20
P02,BB1000,Central,414.189,17395.938000000002,2025-10-20
P02,BB1000,South,537.88075,21515.230000000003,2025-10-20
P02,BB1000,West,541.656,23291.208,2025-10-20
P02,LM250,Central,194.84161,3896.8322,2025-10-20
P02,LM250,South,255.28631,4595.15358,2025-10-20
P02,LM250,West,259.64562,5452.55802,2025-10-20
P02,LM500,Central,257.84817,6704.05242,2025-10-20
P02,LM500,South,338.74684,8129.9241600000005,2025-10-20
P02,LM500,West,358.41912,9677.31624,2025-10-20
P02,OR500,Central,222.04274,5995.15398,2025-10-20
P02,OR500,South,300.33392,7508.347999999999,2025-10-20
P02,OR500,West,294.24769,8238.935319999999,2025-10-20
P02,OR1000,Central,329.60851,13513.948910000001,2025-10-20
P02,OR1000,South,414.6545,16171.5255,2025-10-20
P02,OR1000,West,422.69852,17753.33784,2025-10-20
P02,EN250,Central,150.08545,5703.2471000000005,2025-10-20
P02,EN250,South,190.48813,6857.57268,2025-10-20
P02,EN250,West,197.35431,7696.81809,2025-10-20
P02,EN500,Central,108.9827,6320.9965999999995,2025-10-20
P02,EN500,South,130.49685,7307.8236,2025-10-20
P02,EN500,West,138.93765,8197.32135,2025-10-20
P02,WT1000,Central,730.7296,12422.4032,2025-10-20
P02,WT1000,South,884.03811,13260.57165,2025-10-20
P02,WT1000,West,886.8785,15963.813,2025-10-20
P03,BB250,East,246.37824,5173.94304,2025-10-20
P03,BB500,East,362.55696,10151.59488,2025-10-20
P03,BB1000,East,427.26146,17944.98132,2025-10-20
P03,LM250,East,185.17085,3703.417,2025-10-20
P03,LM500,East,288.23488,7494.106879999999,2025-10-20
P03,OR500,East,236.20305,6377.482349999999,2025-10-20
P03,OR1000,East,322.93911,13240.50351,2025-10-20
P03,EN250,East,146.7685,5577.2029999999995,2025-10-20
P03,EN500,East,106.26816,6163.55328,2025-10-20
P03,WT1000,East,758.93174,12901.83958,2025-10-20
P01,BB250,North,262.60701,5252.1402,2025-10-27
P01,BB500,North,369.25107,9969.778890000001,2025-10-27
P01,BB1000,North,459.05692,18821.33372,2025-10-27
P01,LM250,North,197.16336,3746.10384,2025-10-27
P01,LM500,North,288.03541,7200.88525,2025-10-27
P01,OR500,North,240.35914,6249.33764,2025-10-27
P01,OR1000,North,343.13253,13725.301199999998,2025-10-27
P01,EN250,North,154.16478,5704.096860000001,2025-10-27
P01,EN500,North,120.30538,6857.40666,2025-10-27
P01,WT1000,North,769.84911,12317.58576,2025-10-27
P02,BB250,Central,232.12228,4874.56788,2025-10-27
P02,BB250,South,297.72371,5656.750489999999,2025-10-27
P02,BB250,West,308.55197,6788.14334,2025-10-27
P02,BB500,Central,336.85473,9431.93244,2025-10-27
P02,BB500,South,444.36788,11553.56488,2025-10-27
P02,BB500,West,439.87857,12756.47853,2025-10-27
P02,BB1000,Central,435.63579,18296.70318,2025-10-27
P02,BB1000,South,536.99155,21479.661999999997,2025-10-27
P02,BB1000,West,545.69798,23465.013140000003,2025-10-27
P02,LM250,Central,185.82013,3716.4026000000003,2025-10-27
P02,LM250,South,247.69622,4458.53196,2025-10-27
P02,LM250,West,261.56734,5492.91414,2025-10-27
P02,LM500,Central,254.90949,6627.64674,2025-10-27
P02,LM500,South,338.8423,8132.215200000001,2025-10-27
P02,LM500,West,344.7406,9307.9962,2025-10-27
P02,OR500,Central,219.06897,5914.86219,2025-10-27
P02,OR500,South,288.67737,7216.93425,2025-10-27
P02,OR500,West,288.3117,8072.727599999999,2025-10-27
P02,OR1000,Central,309.15271,12675.261110000001,2025-10-27
P02,OR1000,South,408.44536,15929.36904,2025-10-27
P02,OR1000,West,419.23989,17608.07538,2025-10-27
P02,EN250,Central,149.0139,5662.528200000001,2025-10-27
P02,EN250,South,197.1809,7098.5124000000005,2025-10-27
P02,EN250,West,191.10919,7453.25841,2025-10-27
P02,EN500,Central,104.39006,6054.62348,2025-10-27
P02,EN500,South,130.28225,7295.8060000000005,2025-10-27
P02,EN500,West,135.50291,7994.671690000001,2025-10-27
P02,WT1000,Central,719.36453,12229.19701,2025-10-27
P02,WT1000,South,898.06765,13471.014749999998,2025-10-27
P02,WT1000,West,869.86859,15657.63462,2025-10-27
P03,BB250,East,242.91795,5101.2769499999995,2025-10-27
P03,BB500,East,361.34002,10117.520559999999,2025-10-27
P03,BB1000,East,417.32916,17527.82472,2025-10-27
P03,LM250,East,197.3908,3947.8160000000003,2025-10-27
P03,LM500,East,270.20543,7025.341179999999,2025-10-27
P03,OR500,East,227.76015,6149.52405,2025-10-27
P03,OR1000,East,310.05675,12712.32675,2025-10-27
P03,EN250,East,146.57871,5569.9909800000005,2025-10-27
P03,EN500,East,102.04216,5918.44528,2025-10-27
P03,WT1000,East,713.601,12131.217,2025-10-27
P01,BB250,North,254.3716,5087.432,2025-11-03
P01,BB500,North,374.68109,10116.38943,2025-11-03
P01,BB1000,North,491.09482,20134.88762,2025-11-03
P01,LM250,North,202.90081,3855.11539,2025-11-03
P01,LM500,North,301.4841,7537.1025,2025-11-03
P01,OR500,North,243.11045,6320.8717,2025-11-03
P01,OR1000,North,344.67719,13787.087599999999,2025-11-03
P01,EN250,North,153.97449,5697.05613,2025-11-03
P01,EN500,North,118.48824,6753.82968,2025-11-03
P01,WT1000,North,782.07306,12513.16896,2025-11-03
P02,BB250,Central,237.98913,4997.7717299999995,2025-11-03
P02,BB250,South,295.11626,5607.20894,2025-11-03
P02,BB250,West,309.22819,6803.0201799999995,2025-11-03
P02,BB500,Central,347.54529,9731.26812,2025-11-03
P02,BB500,South,426.43642,11087.34692,2025-11-03
P02,BB500,West,422.76549,12260.19921,2025-11-03
P02,BB1000,Central,429.81335,18052.1607,2025-11-03
P02,BB1000,South,529.42346,21176.9384,2025-11-03
P02,BB1000,West,535.50518,23026.72274,2025-11-03
P02,LM250,Central,186.58182,3731.6364,2025-11-03
P02,LM250,South,243.68186,4386.27348,2025-11-03
P02,LM250,West,245.26709,5150.6088899999995,2025-11-03
P02,LM500,Central,256.01795,6656.4667,2025-11-03
P02,LM500,South,342.81802,8227.63248,2025-11-03
P02,LM500,West,348.39153,9406.57131,2025-11-03
P02,OR500,Central,213.14714,5754.97278,2025-11-03
P02,OR500,South,289.8714,7246.785,2025-11-03
P02,OR500,West,283.83552,7947.394559999999,2025-11-03
P02,OR1000,Central,301.67935,12368.85335,2025-11-03
P02,OR1000,South,425.3563,16588.895699999997,2025-11-03
P02,OR1000,West,418.46577,17575.56234,2025-11-03
P02,EN250,Central,147.9493,5622.073399999999,2025-11-03
P02,EN250,South,194.36762,6997.23432,2025-11-03
P02,EN250,West,187.87421,7327.09419,2025-11-03
P02,EN500,Central,107.56786,6238.93588,2025-11-03
P02,EN500,South,129.91095,7275.013200000001,2025-11-03
P02,EN500,West,131.74447,7772.92373,2025-11-03
P02,WT1000,Central,702.24491,11938.16347,2025-11-03
P02,WT1000,South,864.54188,12968.1282,2025-11-03
P02,WT1000,West,896.27291,16132.91238,2025-11-03
P03,BB250,East,246.16122,5169.38562,2025-11-03
P03,BB500,East,366.38069,10258.65932,2025-11-03
P03,BB1000,East,412.00136,17304.057119999998,2025-11-03
P03,LM250,East,185.07095,3701.4190000000003,2025-11-03
P03,LM500,East,266.55847,6930.52022,2025-11-03
P03,OR500,East,232.19247,6269.19669,2025-11-03
P03,OR1000,East,336.30975,13788.69975,2025-11-03
P03,EN250,East,143.53693,5454.403340000001,2025-11-03
P03,EN500,East,103.20163,5985.6945399999995,2025-11-03
P03,WT1000,East,756.58756,12861.98852,2025-11-03
P01,BB250,North,252.58326,5051.6651999999995,2025-11-10
P01,BB500,North,370.14988,9994.04676,2025-11-10
P01,BB1000,North,463.71832,19012.45112,2025-11-10
P01,LM250,North,203.82754,3872.7232599999998,2025-11-10
P01,LM500,North,283.52817,7088.20425,2025-11-10
P01,OR500,North,242.68121,6309.7114599999995,2025-11-10
P01,OR1000,North,335.96828,13438.7312,2025-11-10
P01,EN250,North,154.09513,5701.519810000001,2025-11-10
P01,EN500,North,114.36442,6518.77194,2025-11-10
P01,WT1000,North,763.58852,12217.41632,2025-11-10
P02,BB250,Central,235.17098,4938.59058,2025-11-10
P02,BB250,South,301.31319,5724.950610000001,2025-11-10
P02,BB250,West,313.3471,6893.6362,2025-11-10
P02,BB500,Central,349.29447,9780.24516,2025-11-10
P02,BB500,South,418.23057,10873.99482,2025-11-10
P02,BB500,West,432.7992,12551.1768,2025-11-10
P02,BB1000,Central,419.04483,17599.882859999998,2025-11-10
P02,BB1000,South,544.89672,21795.868799999997,2025-11-10
P02,BB1000,West,548.66382,23592.54426,2025-11-10
P02,LM250,Central,181.72538,3634.5076,2025-11-10
P02,LM250,South,239.8867,4317.960599999999,2025-11-10
P02,LM250,West,253.4238,5321.8998,2025-11-10
P02,LM500,Central,268.74732,6987.43032,2025-11-10
P02,LM500,South,332.97619,7991.428559999999,2025-11-10
P02,LM500,West,342.17809,9238.80843,2025-11-10
P02,OR500,Central,215.60808,5821.41816,2025-11-10
P02,OR500,South,284.23431,7105.85775,2025-11-10
P02,OR500,West,290.44256,8132.391680000001,2025-11-10
P02,OR1000,Central,303.99837,12463.93317,2025-11-10
P02,OR1000,South,414.37826,16160.75214,2025-11-10
P02,OR1000,West,407.90434,17131.98228,2025-11-10
P02,EN250,Central,145.93676,5545.59688,2025-11-10
P02,EN250,South,189.09822,6807.53592,2025-11-10
P02,EN250,West,190.46812,7428.25668,2025-11-10
P02,EN500,Central,104.58764,6066.083119999999,2025-11-10
P02,EN500,South,133.09467,7453.301520000001,2025-11-10
P02,EN500,West,131.82188,7777.490919999999,2025-11-10
P02,WT1000,Central,747.02516,12699.42772,2025-11-10
P02,WT1000,South,866.14078,12992.1117,2025-11-10
P02,WT1000,West,895.98196,16127.67528,2025-11-10
P03,BB250,East,250.12007,5252.52147,2025-11-10
P03,BB500,East,352.71767,9876.09476,2025-11-10
P03,BB1000,East,430.63775,18086.785499999998,2025-11-10
P03,LM250,East,185.37628,3707.5256,2025-11-10
P03,LM500,East,269.73421,7013.08946,2025-11-10
P03,OR500,East,221.98308,5993.54316,2025-11-10
P03,OR1000,East,325.25113,13335.29633,2025-11-10
P03,EN250,East,143.99959,5471.984420000001,2025-11-10
P03,EN500,East,102.91889,5969.29562,2025-11-10
P03,WT1000,East,728.26708,12380.540359999999,2025-11-10
P01,BB250,North,252.74967,5054.9934,2025-11-17
P01,BB500,North,378.16989,10210.58703,2025-11-17
P01,BB1000,North,468.22622,19197.27502,2025-11-17
P01,LM250,North,207.83461,3948.85759,2025-11-17
P01,LM500,North,290.86844,7271.711,2025-11-17
P01,OR500,North,236.23167,6142.02342,2025-11-17
P01,OR1000,North,342.16226,13686.4904,2025-11-17
P01,EN250,North,153.72197,5687.71289,2025-11-17
P01,EN500,North,113.49626,6469.28682,2025-11-17
P01,WT1000,North,780.09414,12481.50624,2025-11-17
P02,BB250,Central,240.58684,5052.32364,2025-11-17
P02,BB250,South,297.68627,5656.039129999999,2025-11-17
P02,BB250,West,315.87617,6949.27574,2025-11-17
P02,BB500,Central,351.84958,9851.78824,2025-11-17
P02,BB500,South,435.22935,11315.9631,2025-11-17
P02,BB500,West,436.04977,12645.44333,2025-11-17
P02,BB1000,Central,411.99782,17303.90844,2025-11-17
P02,BB1000,South,545.22954,21809.181600000004,2025-11-17
P02,BB1000,West,539.88507,23215.05801,2025-11-17
P02,LM250,Central,184.93937,3698.7874,2025-11-17
P02,LM250,South,233.67263,4206.10734,2025-11-17
P02,LM250,West,252.79831,5308.76451,2025-11-17
P02,LM500,Central,271.16322,7050.24372,2025-11-17
P02,LM500,South,326.80738,7843.377120000001,2025-11-17
P02,LM500,West,342.24859,9240.71193,2025-11-17
P02,OR500,Central,217.32626,5867.80902,2025-11-17
P02,OR500,South,285.92889,7148.222250000001,2025-11-17
P02,OR500,West,298.34801,8353.744279999999,2025-11-17
P02,OR1000,Central,308.932,12666.212000000001,2025-11-17
P02,OR1000,South,408.72463,15940.26057,2025-11-17
P02,OR1000,West,418.69088,17585.01696,2025-11-17
P02,EN250,Central,149.15098,5667.73724,2025-11-17
P02,EN250,South,190.44281,6855.94116,2025-11-17
P02,EN250,West,188.06033,7334.35287,2025-11-17
P02,EN500,Central,104.84778,6081.17124,2025-11-17
P02,EN500,South,135.20422,7571.43632,2025-11-17
P02,EN500,West,135.59609,8000.16931,2025-11-17
P02,WT1000,Central,748.10531,12717.790270000001,2025-11-17
P02,WT1000,South,920.25203,13803.78045,2025-11-17
P02,WT1000,West,866.25526,15592.59468,2025-11-17
P03,BB250,East,241.65672,5074.79112,2025-11-17
P03,BB500,East,360.34601,10089.688279999998,2025-11-17
P03,BB1000,East,418.37584,17571.78528,2025-11-17
P03,LM250,East,184.79834,3695.9668,2025-11-17
P03,LM500,East,265.91586,6913.81236,2025-11-17
P03,OR500,East,221.86371,5990.32017,2025-11-17
P03,OR1000,East,322.82436,13235.79876,2025-11-17
P03,EN250,East,144.59612,5494.65256,2025-11-17
P03,EN500,East,103.60174,6008.90092,2025-11-17
P03,WT1000,East,725.66732,12336.34444,2025-11-17
P01,BB250,North,256.83618,5136.7236,2025-11-24
P01,BB500,North,372.47448,10056.81096,2025-11-24
P01,BB1000,North,459.56135,18842.01535,2025-11-24
P01,LM250,North,212.72983,4041.8667699999996,2025-11-24
P01,LM500,North,290.92442,7273.1105,2025-11-24
P01,OR500,North,250.88104,6522.90704,2025-11-24
P01,OR1000,North,347.0212,13880.848000000002,2025-11-24
P01,EN250,North,160.12538,5924.63906,2025-11-24
P01,EN500,North,111.73078,6368.65446,2025-11-24
P01,WT1000,North,773.34448,12373.51168,2025-11-24
P02,BB250,Central,238.82697,5015.36637,2025-11-24
P02,BB250,South,292.06674,5549.268059999999,2025-11-24
P02,BB250,West,306.96623,6753.25706,2025-11-24
P02,BB500,Central,343.95112,9630.63136,2025-11-24
P02,BB500,South,415.72196,10808.77096,2025-11-24
P02,BB500,West,414.96027,12033.847829999999,2025-11-24
P02,BB1000,Central,406.41214,17069.30988,2025-11-24
P02,BB1000,South,547.68538,21907.4152,2025-11-24
P02,BB1000,West,535.83647,23040.96821,2025-11-24
P02,LM250,Central,188.48946,3769.7892,2025-11-24
P02,LM250,South,232.83704,4191.06672,2025-11-24
P02,LM250,West,244.10315,5126.16615,2025-11-24
P02,LM500,Central,259.56447,6748.676219999999,2025-11-24
P02,LM500,South,325.69847,7816.763279999999,2025-11-24
P02,LM500,West,340.10436,9182.81772,2025-11-24
P02,OR500,Central,211.55908,5712.09516,2025-11-24
P02,OR500,South,274.2755,6856.887500000001,2025-11-24
P02,OR500,West,292.30075,8184.421,2025-11-24
P02,OR1000,Central,304.71829,12493.449890000002,2025-11-24
P02,OR1000,South,406.17592,15840.86088,2025-11-24
P02,OR1000,West,415.31064,17443.046879999998,2025-11-24
P02,EN250,Central,145.43333,5526.46654,2025-11-24
P02,EN250,South,196.47803,7073.20908,2025-11-24
P02,EN250,West,191.018,7449.702,2025-11-24
P02,EN500,Central,104.88201,6083.15658,2025-11-24
P02,EN500,South,133.87522,7497.012320000001,2025-11-24
P02,EN500,West,131.58327,7763.4129299999995,2025-11-24
P02,WT1000,Central,752.76155,12796.94635,2025-11-24
P02,WT1000,South,864.76635,12971.49525,2025-11-24
P02,WT1000,West,952.48052,17144.64936,2025-11-24
P03,BB250,East,242.7784,5098.3464,2025-11-24
P03,BB500,East,388.108,10867.024,2025-11-24
P03,BB1000,East,419.43797,17616.39474,2025-11-24
P03,LM250,East,201.19948,4023.9896,2025-11-24
P03,LM500,East,262.30654,6819.970039999999,2025-11-24
P03,OR500,East,224.4127,6059.1429,2025-11-24
P03,OR1000,East,322.39473,13218.18393,2025-11-24
P03,EN250,East,145.45841,5527.41958,2025-11-24
P03,EN500,East,106.6446,6185.3868,2025-11-24
P03,WT1000,East,746.91316,12697.52372,2025-11-24
P01,BB250,North,255.57777,5111.555399999999,2025-12-01
P01,BB500,North,363.8795,9824.746500000001,2025-12-01
P01,BB1000,North,455.14435,18660.91835,2025-12-01
P01,LM250,North,203.47616,3866.04704,2025-12-01
P01,LM500,North,289.79091,7244.77275,2025-12-01
P01,OR500,North,236.33689,6144.75914,2025-12-01
P01,OR1000,North,339.81349,13592.5396,2025-12-01
P01,EN250,North,155.58832,5756.76784,2025-12-01
P01,EN500,North,108.191,6166.887,2025-12-01
P01,WT1000,North,785.49111,12567.85776,2025-12-01
P02,BB250,Central,235.20503,4939.30563,2025-12-01
P02,BB250,South,291.55025,5539.45475,2025-12-01
P02,BB250,West,305.3281,6717.2182,2025-12-01
P02,BB500,Central,345.76677,9681.46956,2025-12-01
P02,BB500,South,426.81208,11097.11408,2025-12-01
P02,BB500,West,426.03856,12355.11824,2025-12-01
P02,BB1000,Central,407.30327,17106.73734,2025-12-01
P02,BB1000,South,522.52905,20901.162,2025-12-01
P02,BB1000,West,531.05414,22835.328019999997,2025-12-01
P02,LM250,Central,186.31969,3726.3938000000003,2025-12-01
P02,LM250,South,239.75625,4315.6125,2025-12-01
P02,LM250,West,243.89649,5121.82629,2025-12-01
P02,LM500,Central,259.67794,6751.626439999999,2025-12-01
P02,LM500,South,332.08995,7970.158799999999,2025-12-01
P02,LM500,West,331.13325,8940.597749999999,2025-12-01
P02,OR500,Central,220.64806,5957.49762,2025-12-01
P02,OR500,South,284.34475,7108.61875,2025-12-01
P02,OR500,West,291.20385,8153.7078,2025-12-01
P02,OR1000,Central,309.73105,12698.973049999999,2025-12-01
P02,OR1000,South,410.68559,16016.73801,2025-12-01
P02,OR1000,West,425.63075,17876.4915,2025-12-01
P02,EN250,Central,143.99327,5471.7442599999995,2025-12-01
P02,EN250,South,189.76671,6831.601559999999,2025-12-01
P02,EN250,West,191.31487,7461.279930000001,2025-12-01
P02,EN500,Central,104.01596,6032.92568,2025-12-01
P02,EN500,South,136.31919,7633.87464,2025-12-01
P02,EN500,West,130.70055,7711.33245,2025-12-01
P02,WT1000,Central,778.58632,13235.96744,2025-12-01
P02,WT1000,South,891.79729,13376.95935,2025-12-01
P02,WT1000,West,873.80045,15728.408099999999,2025-12-01
P03,BB250,East,251.31602,5277.63642,2025-12-01
P03,BB500,East,358.99955,10051.9874,2025-12-01
P03,BB1000,East,417.69977,17543.39034,2025-12-01
P03,LM250,East,188.35392,3767.0784,2025-12-01
P03,LM500,East,261.23634,6792.14484,2025-12-01
P03,OR500,East,237.16063,6403.33701,2025-12-01
P03,OR1000,East,323.6692,13270.4372,2025-12-01
P03,EN250,East,146.10208,5551.87904,2025-12-01
P03,EN500,East,102.76129,5960.15482,2025-12-01
P03,WT1000,East,721.21785,12260.70345,2025-12-01
P01,BB250,North,250.31624,5006.3248,2025-12-08
P01,BB500,North,385.29484,10402.96068,2025-12-08
P01,BB1000,North,449.03226,18410.32266,2025-12-08
P01,LM250,North,200.59053,3811.22007,2025-12-08
P01,LM500,North,288.62969,7215.742249999999,2025-12-08
P01,OR500,North,248.06264,6449.62864,2025-12-08
P01,OR1000,North,340.88729,13635.491600000001,2025-12-08
P01,EN250,North,154.7985,5727.5445,2025-12-08
P01,EN500,North,110.05805,6273.308849999999,2025-12-08
P01,WT1000,North,777.17186,12434.74976,2025-12-08
P02,BB250,Central,235.51129,4945.73709,2025-12-08
P02,BB250,South,293.17208,5570.26952,2025-12-08
P02,BB250,West,304.75844,6704.6856800000005,2025-12-08
P02,BB500,Central,351.205,9833.74,2025-12-08
P02,BB500,South,421.96245,10971.0237,2025-12-08
P02,BB500,West,438.6118,12719.7422,2025-12-08
P02,BB1000,Central,431.33671,18116.14182,2025-12-08
P02,BB1000,South,520.80259,20832.103600000002,2025-12-08
P02,BB1000,West,529.8912,22785.321600000003,2025-12-08
P02,LM250,Central,183.93579,3678.7158,2025-12-08
P02,LM250,South,235.29009,4235.22162,2025-12-08
P02,LM250,West,239.99603,5039.91663,2025-12-08
P02,LM500,Central,262.64681,6828.81706,2025-12-08
P02,LM500,South,336.54474,8077.073759999999,2025-12-08
P02,LM500,West,334.81213,9039.927510000001,2025-12-08
P02,OR500,Central,222.18294,5998.93938,2025-12-08
P02,OR500,South,277.29008,6932.2519999999995,2025-12-08
P02,OR500,West,302.91269,8481.55532,2025-12-08
P02,OR1000,Central,313.95791,12872.27431,2025-12-08
P02,OR1000,South,409.22522,15959.78358,2025-12-08
P02,OR1000,West,418.33809,17570.199780000003,2025-12-08
P02,EN250,Central,153.17936,5820.81568,2025-12-08
P02,EN250,South,188.1261,6772.5396,2025-12-08
P02,EN250,West,186.44494,7271.3526600000005,2025-12-08
P02,EN500,Central,103.53374,6004.95692,2025-12-08
P02,EN500,South,132.17786,7401.9601600000005,2025-12-08
P02,EN500,West,135.46038,7992.162419999999,2025-12-08
P02,WT1000,Central,762.02547,12954.432990000001,2025-12-08
P02,WT1000,South,891.95351,13379.302650000001,2025-12-08
P02,WT1000,West,963.80519,17348.49342,2025-12-08
P03,BB250,East,249.89131,5247.71751,2025-12-08
P03,BB500,East,372.33209,10425.29852,2025-12-08
P03,BB1000,East,437.05915,18356.4843,2025-12-08
P03,LM250,East,193.67579,3873.5158,2025-12-08
P03,LM500,East,260.73214,6779.03564,2025-12-08
P03,OR500,East,234.47721,6330.88467,2025-12-08
P03,OR1000,East,318.10672,13042.37552,2025-12-08
P03,EN250,East,145.13558,5515.15204,2025-12-08
P03,EN500,East,102.48406,5944.0754799999995,2025-12-08
P03,WT1000,East,750.12548,12752.133160000001,2025-12-08
P01,BB250,North,252.15854,5043.1708,2025-12-15
P01,BB500,North,376.49185,10165.27995,2025-12-15
P01,BB1000,North,452.48318,18551.81038,2025-12-15
P01,LM250,North,199.01658,3781.31502,2025-12-15
P01,LM500,North,308.60033,7715.00825,2025-12-15
P01,OR500,North,247.79898,6442.77348,2025-12-15
P01,OR1000,North,336.36438,13454.5752,2025-12-15
P01,EN250,North,156.71611,5798.496069999999,2025-12-15
P01,EN500,North,116.19269,6622.98333,2025-12-15
P01,WT1000,North,774.92932,12398.86912,2025-12-15
P02,BB250,Central,236.10244,4958.15124,2025-12-15
P02,BB250,South,300.43661,5708.29559,2025-12-15
P02,BB250,West,321.81418,7079.91196,2025-12-15
P02,BB500,Central,342.1804,9581.0512,2025-12-15
P02,BB500,South,418.03936,10869.02336,2025-12-15
P02,BB500,West,428.02859,12412.82911,2025-12-15
P02,BB1000,Central,403.00707,16926.29694,2025-12-15
P02,BB1000,South,541.3468,21653.872000000003,2025-12-15
P02,BB1000,West,540.03505,23221.507149999998,2025-12-15
P02,LM250,Central,182.05502,3641.1004000000003,2025-12-15
P02,LM250,South,246.20046,4431.6082799999995,2025-12-15
P02,LM250,West,237.6832,4991.3472,2025-12-15
P02,LM500,Central,257.6061,6697.758600000001,2025-12-15
P02,LM500,South,331.88068,7965.13632,2025-12-15
P02,LM500,West,339.3343,9162.0261,2025-12-15
P02,OR500,Central,216.95107,5857.678889999999,2025-12-15
P02,OR500,South,282.65735,7066.43375,2025-12-15
P02,OR500,West,312.54163,8751.16564,2025-12-15
P02,OR1000,Central,307.03852,12588.57932,2025-12-15
P02,OR1000,South,409.42218,15967.465020000001,2025-12-15
P02,OR1000,West,406.09263,17055.89046,2025-12-15
P02,EN250,Central,143.94869,5470.05022,2025-12-15
P02,EN250,South,184.98378,6659.41608,2025-12-15
P02,EN250,West,191.04833,7450.88487,2025-12-15
P02,EN500,Central,107.59743,6240.65094,2025-12-15
P02,EN500,South,135.51197,7588.670319999999,2025-12-15
P02,EN500,West,133.67859,7887.0368100000005,2025-12-15
P02,WT1000,Central,750.48101,12758.177169999999,2025-12-15
P02,WT1000,South,890.5895,13358.8425,2025-12-15
P02,WT1000,West,876.20081,15771.614580000001,2025-12-15
P03,BB250,East,243.47023,5112.87483,2025-12-15
P03,BB500,East,353.06884,9885.927520000001,2025-12-15
P03,BB1000,East,415.73638,17460.92796,2025-12-15
P03,LM250,East,190.99801,3819.9602,2025-12-15
P03,LM500,East,259.58691,6749.25966,2025-12-15
P03,OR500,East,225.79127,6096.3642899999995,2025-12-15
P03,OR1000,East,312.14786,12798.062259999999,2025-12-15
P03,EN250,East,156.20733,5935.878540000001,2025-12-15
P03,EN500,East,104.51285,6061.7453,2025-12-15
P03,WT1000,East,731.24295,12431.130149999999,2025-12-15
P01,BB250,North,258.90693,5178.1386,2025-12-22
P01,BB500,North,378.21694,10211.857380000001,2025-12-22
P01,BB1000,North,472.56515,19375.171150000002,2025-12-22
P01,LM250,North,205.99364,3913.87916,2025-12-22
P01,LM500,North,309.79495,7744.873749999999,2025-12-22
P01,OR500,North,252.40681,6562.5770600000005,2025-12-22
P01,OR1000,North,345.43946,13817.5784,2025-12-22
P01,EN250,North,155.25892,5744.58004,2025-12-22
P01,EN500,North,117.72647,6710.40879,2025-12-22
P01,WT1000,North,786.74966,12587.99456,2025-12-22
P02,BB250,Central,247.90591,5206.02411,2025-12-22
P02,BB250,South,305.99143,5813.83717,2025-12-22
P02,BB250,West,319.36789,7026.09358,2025-12-22
P02,BB500,Central,345.90725,9685.402999999998,2025-12-22
P02,BB500,South,438.28278,11395.35228,2025-12-22
P02,BB500,West,458.17934,13287.20086,2025-12-22
P02,BB1000,Central,413.03734,17347.56828,2025-12-22
P02,BB1000,South,546.19301,21847.7204,2025-12-22
P02,BB1000,West,589.44827,25346.27561,2025-12-22
P02,LM250,Central,184.59304,3691.8608,2025-12-22
P02,LM250,South,245.77603,4423.96854,2025-12-22
P02,LM250,West,244.48028,5134.08588,2025-12-22
P02,LM500,Central,265.32001,6898.32026,2025-12-22
P02,LM500,South,361.05477,8665.314480000001,2025-12-22
P02,LM500,West,341.80309,9228.68343,2025-12-22
P02,OR500,Central,226.84296,6124.75992,2025-12-22
P02,OR500,South,286.74672,7168.668,2025-12-22
P02,OR500,West,307.04207,8597.17796,2025-12-22
P02,OR1000,Central,318.7465,13068.606500000002,2025-12-22
P02,OR1000,South,423.85194,16530.22566,2025-12-22
P02,OR1000,West,432.60399,18169.367580000002,2025-12-22
P02,EN250,Central,150.28365,5710.7787,2025-12-22
P02,EN250,South,188.85493,6798.77748,2025-12-22
P02,EN250,West,198.89602,7756.94478,2025-12-22
P02,EN500,Central,105.09234,6095.35572,2025-12-22
P02,EN500,South,140.35613,7859.94328,2025-12-22
P02,EN500,West,143.36366,8458.45594,2025-12-22
P02,WT1000,Central,766.58911,13032.01487,2025-12-22
P02,WT1000,South,879.56614,13193.4921,2025-12-22
P02,WT1000,West,885.55552,15939.99936,2025-12-22
P03,BB250,East,255.13648,5357.86608,2025-12-22
P03,BB500,East,362.50308,10150.08624,2025-12-22
P03,BB1000,East,439.89066,18475.407720000003,2025-12-22
P03,LM250,East,192.09283,3841.8566,2025-12-22
P03,LM500,East,276.25712,7182.68512,2025-12-22
P03,OR500,East,238.71018,6445.17486,2025-12-22
P03,OR1000,East,314.65464,12900.84024,2025-12-22
P03,EN250,East,151.89212,5771.90056,2025-12-22
P03,EN500,East,106.48066,6175.87828,2025-12-22
P03,WT1000,East,738.14453,12548.45701,2025-12-22
P01,BB250,North,149.05741,2981.1482,2025-12-29
P01,BB500,North,224.82339,6070.23153,2025-12-29
P01,BB1000,North,271.77814,11142.90374,2025-12-29
P01,LM250,North,115.12707,2187.41433,2025-12-29
P01,LM500,North,176.08111,4402.02775,2025-12-29
P01,OR500,North,139.49219,3626.7969399999997,2025-12-29
P01,OR1000,North,214.44077,8577.630799999999,2025-12-29
P01,EN250,North,90.688225,3355.464325,2025-12-29
P01,EN500,North,67.452637,3844.8003089999997,2025-12-29
P01,WT1000,North,466.00946,7456.15136,2025-12-29
P02,BB250,Central,147.51877,3097.8941699999996,2025-12-29
P02,BB250,South,188.29475,3577.60025,2025-12-29
P02,BB250,West,192.71831,4239.80282,2025-12-29
P02,BB500,Central,202.1185,5659.318,2025-12-29
P02,BB500,South,262.7721,6832.074600000001,2025-12-29
P02,BB500,West,259.41243,7522.960469999999,2025-12-29
P02,BB1000,Central,244.91259,10286.32878,2025-12-29
P02,BB1000,South,328.43415,13137.366,2025-12-29
P02,BB1000,West,340.23985,14630.313549999999,2025-12-29
P02,LM250,Central,107.89406,2157.8812,2025-12-29
P02,LM250,South,148.5306,2673.5508,2025-12-29
P02,LM250,West,142.88805,3000.64905,2025-12-29
P02,LM500,Central,155.28205,4037.3333,2025-12-29
P02,LM500,South,217.07337,5209.76088,2025-12-29
P02,LM500,West,205.09721,5537.62467,2025-12-29
P02,OR500,Central,129.18089,3487.88403,2025-12-29
P02,OR500,South,170.97028,4274.257,2025-12-29
P02,OR500,West,180.73484,5060.575519999999,2025-12-29
P02,OR1000,Central,188.05188,7710.12708,2025-12-29
P02,OR1000,South,261.65547,10204.563329999999,2025-12-29
P02,OR1000,West,244.27828,10259.68776,2025-12-29
P02,EN250,Central,85.805833,3260.6216540000005,2025-12-29
P02,EN250,South,118.36757,4261.23252,2025-12-29
P02,EN250,West,120.17455,4686.80745,2025-12-29
P02,EN500,Central,62.213505,3608.3832899999998,2025-12-29
P02,EN500,South,80.896696,4530.214976,2025-12-29
P02,EN500,West,83.27514,4913.23326,2025-12-29
P02,WT1000,Central,445.48276,7573.20692,2025-12-29
P02,WT1000,South,534.59839,8018.97585,2025-12-29
P02,WT1000,West,545.58267,9820.48806,2025-12-29
P03,BB250,East,146.51363,3076.78623,2025-12-29
P03,BB500,East,204.94736,5738.52608,2025-12-29
P03,BB1000,East,244.66986,10276.13412,2025-12-29
P03,LM250,East,105.67864,2113.5728,2025-12-29
P03,LM500,East,155.53828,4043.9952799999996,2025-12-29
P03,OR500,East,138.73644,3745.88388,2025-12-29
P03,OR1000,East,188.52803,7729.64923,2025-12-29
P03,EN250,East,86.294052,3279.1739759999996,2025-12-29
P03,EN500,East,60.91437,3533.03346,2025-12-29
P03,WT1000,East,426.91618,7257.57506,2025-12-29
